"iso2c","year","federal"
"AD",1993,NA
"AD",1994,NA
"AD",1995,NA
"AD",1996,NA
"AD",1997,NA
"AD",1998,NA
"AD",1999,NA
"AD",2000,NA
"AD",2001,NA
"AD",2002,NA
"AD",2003,NA
"AD",2004,NA
"AD",2005,NA
"AD",2006,NA
"AD",2007,NA
"AD",2008,NA
"AE",1980,NA
"AE",1981,NA
"AE",1982,NA
"AE",1983,NA
"AE",1984,NA
"AE",1985,NA
"AE",1986,NA
"AE",1987,NA
"AE",1988,NA
"AE",1989,NA
"AE",1990,NA
"AE",1991,NA
"AE",1992,NA
"AE",1993,NA
"AE",1994,NA
"AE",1995,NA
"AE",1996,NA
"AE",1997,NA
"AE",1998,NA
"AE",1999,NA
"AE",2000,NA
"AE",2001,NA
"AE",2002,NA
"AE",2003,NA
"AE",2004,NA
"AE",2005,NA
"AE",2006,NA
"AE",2007,NA
"AE",2008,NA
"AE",2009,NA
"AF",1980,NA
"AF",1981,NA
"AF",1982,NA
"AF",1983,NA
"AF",1984,NA
"AF",1985,NA
"AF",1986,NA
"AF",1987,NA
"AF",1988,NA
"AF",1989,NA
"AF",1990,NA
"AF",1991,NA
"AF",1992,NA
"AF",1993,NA
"AF",1994,NA
"AF",1995,NA
"AF",1996,NA
"AF",1997,NA
"AF",1998,NA
"AF",1999,NA
"AF",2000,NA
"AF",2001,NA
"AF",2002,NA
"AF",2003,NA
"AF",2004,NA
"AF",2005,NA
"AF",2006,NA
"AF",2007,NA
"AF",2008,NA
"AF",2009,NA
"AG",1981,NA
"AG",1982,NA
"AG",1983,NA
"AG",1984,NA
"AG",1985,NA
"AG",1986,NA
"AG",1987,NA
"AG",1988,NA
"AG",1989,NA
"AG",1990,NA
"AG",1991,NA
"AG",1992,NA
"AG",1993,NA
"AG",1994,NA
"AG",1995,NA
"AG",1996,NA
"AG",1997,NA
"AG",1998,NA
"AG",1999,NA
"AG",2000,NA
"AG",2001,NA
"AG",2002,NA
"AG",2003,NA
"AG",2004,NA
"AG",2005,NA
"AG",2006,NA
"AG",2007,NA
"AG",2008,NA
"AL",1980,NA
"AL",1981,NA
"AL",1982,NA
"AL",1983,NA
"AL",1984,NA
"AL",1985,NA
"AL",1986,NA
"AL",1987,NA
"AL",1988,NA
"AL",1989,NA
"AL",1990,NA
"AL",1991,NA
"AL",1992,NA
"AL",1993,NA
"AL",1994,NA
"AL",1995,NA
"AL",1996,NA
"AL",1997,NA
"AL",1998,NA
"AL",1999,NA
"AL",2000,NA
"AL",2001,NA
"AL",2002,NA
"AL",2003,NA
"AL",2004,NA
"AL",2005,NA
"AL",2006,NA
"AL",2007,NA
"AL",2008,NA
"AL",2009,NA
"AM",1991,NA
"AM",1992,NA
"AM",1993,NA
"AM",1994,NA
"AM",1995,NA
"AM",1996,NA
"AM",1997,NA
"AM",1998,NA
"AM",1999,NA
"AM",2000,NA
"AM",2001,NA
"AM",2002,NA
"AM",2003,NA
"AM",2004,NA
"AM",2005,NA
"AM",2006,NA
"AM",2007,NA
"AM",2008,NA
"AM",2009,NA
"AO",1980,NA
"AO",1981,NA
"AO",1982,NA
"AO",1983,NA
"AO",1984,NA
"AO",1985,NA
"AO",1986,NA
"AO",1987,NA
"AO",1988,NA
"AO",1989,NA
"AO",1990,NA
"AO",1991,NA
"AO",1992,NA
"AO",1993,NA
"AO",1994,NA
"AO",1995,NA
"AO",1996,NA
"AO",1997,NA
"AO",1998,NA
"AO",1999,NA
"AO",2000,NA
"AO",2001,NA
"AO",2002,NA
"AO",2003,NA
"AO",2004,NA
"AO",2005,NA
"AO",2006,NA
"AO",2007,NA
"AO",2008,NA
"AO",2009,NA
"AR",1980,NA
"AR",1981,NA
"AR",1982,NA
"AR",1983,1
"AR",1984,1
"AR",1985,1
"AR",1986,1
"AR",1987,1
"AR",1988,1
"AR",1989,1
"AR",1990,1
"AR",1991,1
"AR",1992,1
"AR",1993,1
"AR",1994,1
"AR",1995,1
"AR",1996,1
"AR",1997,1
"AR",1998,1
"AR",1999,1
"AR",2000,1
"AR",2001,1
"AR",2002,1
"AR",2003,1
"AR",2004,1
"AR",2005,1
"AR",2006,1
"AR",2007,1
"AR",2008,1
"AR",2009,1
"AT",1980,1
"AT",1981,1
"AT",1982,1
"AT",1983,1
"AT",1984,1
"AT",1985,1
"AT",1986,1
"AT",1987,1
"AT",1988,1
"AT",1989,1
"AT",1990,1
"AT",1991,1
"AT",1992,1
"AT",1993,1
"AT",1994,1
"AT",1995,1
"AT",1996,1
"AT",1997,1
"AT",1998,1
"AT",1999,1
"AT",2000,1
"AT",2001,1
"AT",2002,1
"AT",2003,1
"AT",2004,1
"AT",2005,1
"AT",2006,1
"AT",2007,1
"AT",2008,1
"AT",2009,1
"AU",1980,1
"AU",1981,1
"AU",1982,1
"AU",1983,1
"AU",1984,1
"AU",1985,1
"AU",1986,1
"AU",1987,1
"AU",1988,1
"AU",1989,1
"AU",1990,1
"AU",1991,1
"AU",1992,1
"AU",1993,1
"AU",1994,1
"AU",1995,1
"AU",1996,1
"AU",1997,1
"AU",1998,1
"AU",1999,1
"AU",2000,1
"AU",2001,1
"AU",2002,1
"AU",2003,1
"AU",2004,1
"AU",2005,1
"AU",2006,1
"AU",2007,1
"AU",2008,1
"AU",2009,1
"AZ",1991,NA
"AZ",1992,NA
"AZ",1993,NA
"AZ",1994,NA
"AZ",1995,NA
"AZ",1996,NA
"AZ",1997,NA
"AZ",1998,NA
"AZ",1999,NA
"AZ",2000,NA
"AZ",2001,NA
"AZ",2002,NA
"AZ",2003,NA
"AZ",2004,NA
"AZ",2005,NA
"AZ",2006,NA
"AZ",2007,NA
"AZ",2008,NA
"AZ",2009,NA
"BA",1991,NA
"BA",1992,NA
"BA",1993,NA
"BA",1994,NA
"BA",1995,NA
"BA",1996,NA
"BA",1997,NA
"BA",1998,NA
"BA",1999,NA
"BA",2000,NA
"BA",2001,NA
"BA",2002,NA
"BA",2003,NA
"BA",2004,NA
"BA",2005,NA
"BA",2006,NA
"BA",2007,NA
"BA",2008,NA
"BA",2009,NA
"BB",1980,NA
"BB",1981,NA
"BB",1982,NA
"BB",1983,NA
"BB",1984,NA
"BB",1985,NA
"BB",1986,NA
"BB",1987,NA
"BB",1988,NA
"BB",1989,NA
"BB",1990,NA
"BB",1991,NA
"BB",1992,NA
"BB",1993,NA
"BB",1994,NA
"BB",1995,NA
"BB",1996,NA
"BB",1997,NA
"BB",1998,NA
"BB",1999,NA
"BB",2000,NA
"BB",2001,NA
"BB",2002,NA
"BB",2003,NA
"BB",2004,NA
"BB",2005,NA
"BB",2006,NA
"BB",2007,NA
"BB",2008,NA
"BD",1980,NA
"BD",1981,NA
"BD",1982,NA
"BD",1983,NA
"BD",1984,NA
"BD",1985,NA
"BD",1986,NA
"BD",1987,NA
"BD",1988,NA
"BD",1989,NA
"BD",1990,NA
"BD",1991,0
"BD",1992,0
"BD",1993,0
"BD",1994,0
"BD",1995,0
"BD",1996,0
"BD",1997,0
"BD",1998,0
"BD",1999,0
"BD",2000,0
"BD",2001,0
"BD",2002,0
"BD",2003,0
"BD",2004,0
"BD",2005,0
"BD",2006,0
"BD",2007,0
"BD",2008,0
"BD",2009,0
"BE",1980,0
"BE",1981,0
"BE",1982,0
"BE",1983,0
"BE",1984,0
"BE",1985,0
"BE",1986,0
"BE",1987,0
"BE",1988,0
"BE",1989,0
"BE",1990,0
"BE",1991,0
"BE",1992,0
"BE",1993,0
"BE",1994,0
"BE",1995,0
"BE",1996,0
"BE",1997,0
"BE",1998,0
"BE",1999,1
"BE",2000,1
"BE",2001,1
"BE",2002,1
"BE",2003,1
"BE",2004,1
"BE",2005,1
"BE",2006,1
"BE",2007,1
"BE",2008,1
"BE",2009,1
"BF",1980,NA
"BF",1981,NA
"BF",1982,NA
"BF",1983,NA
"BF",1984,NA
"BF",1985,NA
"BF",1986,NA
"BF",1987,NA
"BF",1988,NA
"BF",1989,NA
"BF",1990,NA
"BF",1991,NA
"BF",1992,NA
"BF",1993,NA
"BF",1994,NA
"BF",1995,NA
"BF",1996,NA
"BF",1997,NA
"BF",1998,NA
"BF",1999,NA
"BF",2000,NA
"BF",2001,NA
"BF",2002,NA
"BF",2003,NA
"BF",2004,NA
"BF",2005,NA
"BF",2006,NA
"BF",2007,NA
"BF",2008,NA
"BF",2009,NA
"BG",1980,NA
"BG",1981,NA
"BG",1982,NA
"BG",1983,NA
"BG",1984,NA
"BG",1985,NA
"BG",1986,NA
"BG",1987,NA
"BG",1988,NA
"BG",1989,NA
"BG",1990,0
"BG",1991,0
"BG",1992,0
"BG",1993,0
"BG",1994,0
"BG",1995,0
"BG",1996,0
"BG",1997,0
"BG",1998,0
"BG",1999,0
"BG",2000,0
"BG",2001,0
"BG",2002,0
"BG",2003,0
"BG",2004,0
"BG",2005,0
"BG",2006,0
"BG",2007,0
"BG",2008,0
"BG",2009,0
"BH",1980,NA
"BH",1981,NA
"BH",1982,NA
"BH",1983,NA
"BH",1984,NA
"BH",1985,NA
"BH",1986,NA
"BH",1987,NA
"BH",1988,NA
"BH",1989,NA
"BH",1990,NA
"BH",1991,NA
"BH",1992,NA
"BH",1993,NA
"BH",1994,NA
"BH",1995,NA
"BH",1996,NA
"BH",1997,NA
"BH",1998,NA
"BH",1999,NA
"BH",2000,NA
"BH",2001,NA
"BH",2002,NA
"BH",2003,NA
"BH",2004,NA
"BH",2005,NA
"BH",2006,NA
"BH",2007,NA
"BH",2008,NA
"BH",2009,NA
"BI",1980,NA
"BI",1981,NA
"BI",1982,NA
"BI",1983,NA
"BI",1984,NA
"BI",1985,NA
"BI",1986,NA
"BI",1987,NA
"BI",1988,NA
"BI",1989,NA
"BI",1990,NA
"BI",1991,NA
"BI",1992,NA
"BI",1993,NA
"BI",1994,NA
"BI",1995,NA
"BI",1996,NA
"BI",1997,NA
"BI",1998,NA
"BI",1999,NA
"BI",2000,NA
"BI",2001,NA
"BI",2002,NA
"BI",2003,NA
"BI",2004,NA
"BI",2005,NA
"BI",2006,NA
"BI",2007,NA
"BI",2008,NA
"BI",2009,NA
"BJ",1980,NA
"BJ",1981,NA
"BJ",1982,NA
"BJ",1983,NA
"BJ",1984,NA
"BJ",1985,NA
"BJ",1986,NA
"BJ",1987,NA
"BJ",1988,NA
"BJ",1989,NA
"BJ",1990,NA
"BJ",1991,0
"BJ",1992,0
"BJ",1993,0
"BJ",1994,0
"BJ",1995,0
"BJ",1996,0
"BJ",1997,0
"BJ",1998,0
"BJ",1999,0
"BJ",2000,0
"BJ",2001,0
"BJ",2002,0
"BJ",2003,0
"BJ",2004,0
"BJ",2005,0
"BJ",2006,0
"BJ",2007,0
"BJ",2008,0
"BJ",2009,0
"BN",1984,NA
"BN",1985,NA
"BN",1986,NA
"BN",1987,NA
"BN",1988,NA
"BN",1989,NA
"BN",1990,NA
"BN",1991,NA
"BN",1992,NA
"BN",1993,NA
"BN",1994,NA
"BN",1995,NA
"BN",1996,NA
"BN",1997,NA
"BN",1998,NA
"BN",1999,NA
"BN",2000,NA
"BN",2001,NA
"BN",2002,NA
"BN",2003,NA
"BN",2004,NA
"BN",2005,NA
"BN",2006,NA
"BN",2007,NA
"BN",2008,NA
"BO",1980,NA
"BO",1981,NA
"BO",1982,NA
"BO",1983,NA
"BO",1984,NA
"BO",1985,0
"BO",1986,0
"BO",1987,0
"BO",1988,0
"BO",1989,0
"BO",1990,0
"BO",1991,0
"BO",1992,0
"BO",1993,0
"BO",1994,0
"BO",1995,0
"BO",1996,0
"BO",1997,0
"BO",1998,0
"BO",1999,0
"BO",2000,0
"BO",2001,0
"BO",2002,0
"BO",2003,0
"BO",2004,0
"BO",2005,0
"BO",2006,0
"BO",2007,0
"BO",2008,0
"BO",2009,0
"BR",1980,NA
"BR",1981,NA
"BR",1982,NA
"BR",1983,NA
"BR",1984,NA
"BR",1985,NA
"BR",1986,1
"BR",1987,1
"BR",1988,1
"BR",1989,1
"BR",1990,1
"BR",1991,1
"BR",1992,1
"BR",1993,1
"BR",1994,1
"BR",1995,1
"BR",1996,1
"BR",1997,1
"BR",1998,1
"BR",1999,1
"BR",2000,1
"BR",2001,1
"BR",2002,1
"BR",2003,1
"BR",2004,1
"BR",2005,1
"BR",2006,1
"BR",2007,1
"BR",2008,1
"BR",2009,1
"BS",1980,NA
"BS",1981,NA
"BS",1982,NA
"BS",1983,NA
"BS",1984,NA
"BS",1985,NA
"BS",1986,NA
"BS",1987,NA
"BS",1988,NA
"BS",1989,NA
"BS",1990,NA
"BS",1991,NA
"BS",1992,NA
"BS",1993,NA
"BS",1994,NA
"BS",1995,NA
"BS",1996,NA
"BS",1997,NA
"BS",1998,NA
"BS",1999,NA
"BS",2000,NA
"BS",2001,NA
"BS",2002,NA
"BS",2003,NA
"BS",2004,NA
"BS",2005,NA
"BS",2006,NA
"BS",2007,NA
"BS",2008,NA
"BT",1980,NA
"BT",1981,NA
"BT",1982,NA
"BT",1983,NA
"BT",1984,NA
"BT",1985,NA
"BT",1986,NA
"BT",1987,NA
"BT",1988,NA
"BT",1989,NA
"BT",1990,NA
"BT",1991,NA
"BT",1992,NA
"BT",1993,NA
"BT",1994,NA
"BT",1995,NA
"BT",1996,NA
"BT",1997,NA
"BT",1998,NA
"BT",1999,NA
"BT",2000,NA
"BT",2001,NA
"BT",2002,NA
"BT",2003,NA
"BT",2004,NA
"BT",2005,NA
"BT",2006,NA
"BT",2007,NA
"BT",2008,NA
"BT",2009,NA
"BW",1980,0
"BW",1981,0
"BW",1982,0
"BW",1983,0
"BW",1984,0
"BW",1985,0
"BW",1986,0
"BW",1987,0
"BW",1988,0
"BW",1989,0
"BW",1990,0
"BW",1991,0
"BW",1992,0
"BW",1993,0
"BW",1994,0
"BW",1995,0
"BW",1996,0
"BW",1997,0
"BW",1998,0
"BW",1999,0
"BW",2000,0
"BW",2001,0
"BW",2002,0
"BW",2003,0
"BW",2004,0
"BW",2005,0
"BW",2006,0
"BW",2007,0
"BW",2008,0
"BW",2009,0
"BY",1991,NA
"BY",1992,NA
"BY",1993,NA
"BY",1994,NA
"BY",1995,NA
"BY",1996,NA
"BY",1997,NA
"BY",1998,NA
"BY",1999,NA
"BY",2000,NA
"BY",2001,NA
"BY",2002,NA
"BY",2003,NA
"BY",2004,NA
"BY",2005,NA
"BY",2006,NA
"BY",2007,NA
"BY",2008,NA
"BY",2009,NA
"BZ",1981,NA
"BZ",1982,NA
"BZ",1983,NA
"BZ",1984,NA
"BZ",1985,NA
"BZ",1986,NA
"BZ",1987,NA
"BZ",1988,NA
"BZ",1989,NA
"BZ",1990,NA
"BZ",1991,NA
"BZ",1992,NA
"BZ",1993,NA
"BZ",1994,NA
"BZ",1995,NA
"BZ",1996,NA
"BZ",1997,NA
"BZ",1998,NA
"BZ",1999,NA
"BZ",2000,NA
"BZ",2001,NA
"BZ",2002,NA
"BZ",2003,NA
"BZ",2004,NA
"BZ",2005,NA
"BZ",2006,NA
"BZ",2007,NA
"BZ",2008,NA
"CA",1980,1
"CA",1981,1
"CA",1982,1
"CA",1983,1
"CA",1984,1
"CA",1985,1
"CA",1986,1
"CA",1987,1
"CA",1988,1
"CA",1989,1
"CA",1990,1
"CA",1991,1
"CA",1992,1
"CA",1993,1
"CA",1994,1
"CA",1995,1
"CA",1996,1
"CA",1997,1
"CA",1998,1
"CA",1999,1
"CA",2000,1
"CA",2001,1
"CA",2002,1
"CA",2003,1
"CA",2004,1
"CA",2005,1
"CA",2006,1
"CA",2007,1
"CA",2008,1
"CA",2009,1
"CD",1980,NA
"CD",1981,NA
"CD",1982,NA
"CD",1983,NA
"CD",1984,NA
"CD",1985,NA
"CD",1986,NA
"CD",1987,NA
"CD",1988,NA
"CD",1989,NA
"CD",1990,NA
"CD",1991,NA
"CD",1992,NA
"CD",1993,NA
"CD",1994,NA
"CD",1995,NA
"CD",1996,NA
"CD",1997,NA
"CD",1998,NA
"CD",1999,NA
"CD",2000,NA
"CD",2001,NA
"CD",2002,NA
"CD",2003,NA
"CD",2004,NA
"CD",2005,NA
"CD",2006,NA
"CD",2007,NA
"CD",2008,NA
"CD",2009,NA
"CF",1980,NA
"CF",1981,NA
"CF",1982,NA
"CF",1983,NA
"CF",1984,NA
"CF",1985,NA
"CF",1986,NA
"CF",1987,NA
"CF",1988,NA
"CF",1989,NA
"CF",1990,NA
"CF",1991,NA
"CF",1992,NA
"CF",1993,NA
"CF",1994,NA
"CF",1995,NA
"CF",1996,NA
"CF",1997,NA
"CF",1998,NA
"CF",1999,NA
"CF",2000,NA
"CF",2001,NA
"CF",2002,NA
"CF",2003,NA
"CF",2004,NA
"CF",2005,NA
"CF",2006,NA
"CF",2007,NA
"CF",2008,NA
"CF",2009,NA
"CG",1980,NA
"CG",1981,NA
"CG",1982,NA
"CG",1983,NA
"CG",1984,NA
"CG",1985,NA
"CG",1986,NA
"CG",1987,NA
"CG",1988,NA
"CG",1989,NA
"CG",1990,NA
"CG",1991,NA
"CG",1992,NA
"CG",1993,NA
"CG",1994,NA
"CG",1995,NA
"CG",1996,NA
"CG",1997,NA
"CG",1998,NA
"CG",1999,NA
"CG",2000,NA
"CG",2001,NA
"CG",2002,NA
"CG",2003,NA
"CG",2004,NA
"CG",2005,NA
"CG",2006,NA
"CG",2007,NA
"CG",2008,NA
"CG",2009,NA
"CH",1980,1
"CH",1981,1
"CH",1982,1
"CH",1983,1
"CH",1984,1
"CH",1985,1
"CH",1986,1
"CH",1987,1
"CH",1988,1
"CH",1989,1
"CH",1990,1
"CH",1991,1
"CH",1992,1
"CH",1993,1
"CH",1994,1
"CH",1995,1
"CH",1996,1
"CH",1997,1
"CH",1998,1
"CH",1999,1
"CH",2000,1
"CH",2001,1
"CH",2002,1
"CH",2003,1
"CH",2004,1
"CH",2005,1
"CH",2006,1
"CH",2007,1
"CH",2008,1
"CH",2009,1
"CI",1980,NA
"CI",1981,NA
"CI",1982,NA
"CI",1983,NA
"CI",1984,NA
"CI",1985,NA
"CI",1986,NA
"CI",1987,NA
"CI",1988,NA
"CI",1989,NA
"CI",1990,NA
"CI",1991,NA
"CI",1992,NA
"CI",1993,NA
"CI",1994,NA
"CI",1995,NA
"CI",1996,NA
"CI",1997,NA
"CI",1998,NA
"CI",1999,NA
"CI",2000,NA
"CI",2001,NA
"CI",2002,NA
"CI",2003,NA
"CI",2004,NA
"CI",2005,NA
"CI",2006,NA
"CI",2007,NA
"CI",2008,NA
"CI",2009,NA
"CL",1980,NA
"CL",1981,NA
"CL",1982,NA
"CL",1983,NA
"CL",1984,NA
"CL",1985,NA
"CL",1986,NA
"CL",1987,NA
"CL",1988,NA
"CL",1989,NA
"CL",1990,NA
"CL",1991,NA
"CL",1992,NA
"CL",1993,0
"CL",1994,0
"CL",1995,0
"CL",1996,0
"CL",1997,0
"CL",1998,0
"CL",1999,0
"CL",2000,0
"CL",2001,0
"CL",2002,0
"CL",2003,0
"CL",2004,0
"CL",2005,0
"CL",2006,0
"CL",2007,0
"CL",2008,0
"CL",2009,0
"CM",1980,NA
"CM",1981,NA
"CM",1982,NA
"CM",1983,NA
"CM",1984,NA
"CM",1985,NA
"CM",1986,NA
"CM",1987,NA
"CM",1988,NA
"CM",1989,NA
"CM",1990,NA
"CM",1991,NA
"CM",1992,NA
"CM",1993,NA
"CM",1994,NA
"CM",1995,NA
"CM",1996,NA
"CM",1997,NA
"CM",1998,NA
"CM",1999,NA
"CM",2000,NA
"CM",2001,NA
"CM",2002,NA
"CM",2003,NA
"CM",2004,NA
"CM",2005,NA
"CM",2006,NA
"CM",2007,NA
"CM",2008,NA
"CM",2009,NA
"CN",1980,NA
"CN",1981,NA
"CN",1982,NA
"CN",1983,NA
"CN",1984,NA
"CN",1985,NA
"CN",1986,NA
"CN",1987,NA
"CN",1988,NA
"CN",1989,NA
"CN",1990,NA
"CN",1991,NA
"CN",1992,NA
"CN",1993,NA
"CN",1994,NA
"CN",1995,NA
"CN",1996,NA
"CN",1997,NA
"CN",1998,NA
"CN",1999,NA
"CN",2000,NA
"CN",2001,NA
"CN",2002,NA
"CN",2003,NA
"CN",2004,NA
"CN",2005,NA
"CN",2006,NA
"CN",2007,NA
"CN",2008,NA
"CN",2009,NA
"CO",1980,0
"CO",1981,0
"CO",1982,0
"CO",1983,0
"CO",1984,0
"CO",1985,0
"CO",1986,0
"CO",1987,0
"CO",1988,0
"CO",1989,0
"CO",1990,0
"CO",1991,0
"CO",1992,0
"CO",1993,0
"CO",1994,0
"CO",1995,0
"CO",1996,0
"CO",1997,0
"CO",1998,0
"CO",1999,0
"CO",2000,0
"CO",2001,0
"CO",2002,0
"CO",2003,0
"CO",2004,0
"CO",2005,0
"CO",2006,0
"CO",2007,0
"CO",2008,0
"CO",2009,0
"CR",1980,0
"CR",1981,0
"CR",1982,0
"CR",1983,0
"CR",1984,0
"CR",1985,0
"CR",1986,0
"CR",1987,0
"CR",1988,0
"CR",1989,0
"CR",1990,0
"CR",1991,0
"CR",1992,0
"CR",1993,0
"CR",1994,0
"CR",1995,0
"CR",1996,0
"CR",1997,0
"CR",1998,0
"CR",1999,0
"CR",2000,0
"CR",2001,0
"CR",2002,0
"CR",2003,0
"CR",2004,0
"CR",2005,0
"CR",2006,0
"CR",2007,0
"CR",2008,0
"CR",2009,0
"CU",1980,NA
"CU",1981,NA
"CU",1982,NA
"CU",1983,NA
"CU",1984,NA
"CU",1985,NA
"CU",1986,NA
"CU",1987,NA
"CU",1988,NA
"CU",1989,NA
"CU",1990,NA
"CU",1991,NA
"CU",1992,NA
"CU",1993,NA
"CU",1994,NA
"CU",1995,NA
"CU",1996,NA
"CU",1997,NA
"CU",1998,NA
"CU",1999,NA
"CU",2000,NA
"CU",2001,NA
"CU",2002,NA
"CU",2003,NA
"CU",2004,NA
"CU",2005,NA
"CU",2006,NA
"CU",2007,NA
"CU",2008,NA
"CU",2009,NA
"CV",1980,NA
"CV",1981,NA
"CV",1982,NA
"CV",1983,NA
"CV",1984,NA
"CV",1985,NA
"CV",1986,NA
"CV",1987,NA
"CV",1988,NA
"CV",1989,NA
"CV",1990,NA
"CV",1991,NA
"CV",1992,NA
"CV",1993,NA
"CV",1994,NA
"CV",1995,NA
"CV",1996,NA
"CV",1997,NA
"CV",1998,NA
"CV",1999,NA
"CV",2000,NA
"CV",2001,NA
"CV",2002,NA
"CV",2003,NA
"CV",2004,NA
"CV",2005,NA
"CV",2006,NA
"CV",2007,NA
"CV",2008,NA
"CY",1980,0
"CY",1980,0
"CY",1980,0
"CY",1980,0
"CY",1980,0
"CY",1980,0
"CY",1980,0
"CY",1980,0
"CY",1980,0
"CY",1981,0
"CY",1981,0
"CY",1981,0
"CY",1981,0
"CY",1981,0
"CY",1981,0
"CY",1981,0
"CY",1981,0
"CY",1981,0
"CY",1982,0
"CY",1982,0
"CY",1982,0
"CY",1982,0
"CY",1982,0
"CY",1982,0
"CY",1982,0
"CY",1982,0
"CY",1982,0
"CY",1983,0
"CY",1983,0
"CY",1983,0
"CY",1983,0
"CY",1983,0
"CY",1983,0
"CY",1983,0
"CY",1983,0
"CY",1983,0
"CY",1984,0
"CY",1984,0
"CY",1984,0
"CY",1984,0
"CY",1984,0
"CY",1984,0
"CY",1984,0
"CY",1984,0
"CY",1984,0
"CY",1985,0
"CY",1985,0
"CY",1985,0
"CY",1985,0
"CY",1985,0
"CY",1985,0
"CY",1985,0
"CY",1985,0
"CY",1985,0
"CY",1986,0
"CY",1986,0
"CY",1986,0
"CY",1986,0
"CY",1986,0
"CY",1986,0
"CY",1986,0
"CY",1986,0
"CY",1986,0
"CY",1987,0
"CY",1987,0
"CY",1987,0
"CY",1987,0
"CY",1987,0
"CY",1987,0
"CY",1987,0
"CY",1987,0
"CY",1987,0
"CY",1988,0
"CY",1988,0
"CY",1988,0
"CY",1988,0
"CY",1988,0
"CY",1988,0
"CY",1988,0
"CY",1988,0
"CY",1988,0
"CY",1989,0
"CY",1989,0
"CY",1989,0
"CY",1989,0
"CY",1989,0
"CY",1989,0
"CY",1989,0
"CY",1989,0
"CY",1989,0
"CY",1990,0
"CY",1990,0
"CY",1990,0
"CY",1990,0
"CY",1990,0
"CY",1990,0
"CY",1990,0
"CY",1990,0
"CY",1990,0
"CY",1991,0
"CY",1991,0
"CY",1991,0
"CY",1991,0
"CY",1991,0
"CY",1991,0
"CY",1991,0
"CY",1991,0
"CY",1991,0
"CY",1992,0
"CY",1992,0
"CY",1992,0
"CY",1992,0
"CY",1992,0
"CY",1992,0
"CY",1992,0
"CY",1992,0
"CY",1992,0
"CY",1993,0
"CY",1993,0
"CY",1993,0
"CY",1993,0
"CY",1993,0
"CY",1993,0
"CY",1993,0
"CY",1993,0
"CY",1993,0
"CY",1994,0
"CY",1994,0
"CY",1994,0
"CY",1994,0
"CY",1994,0
"CY",1994,0
"CY",1994,0
"CY",1994,0
"CY",1994,0
"CY",1995,0
"CY",1995,0
"CY",1995,0
"CY",1995,0
"CY",1995,0
"CY",1995,0
"CY",1995,0
"CY",1995,0
"CY",1995,0
"CY",1996,0
"CY",1996,0
"CY",1996,0
"CY",1996,0
"CY",1996,0
"CY",1996,0
"CY",1996,0
"CY",1996,0
"CY",1996,0
"CY",1997,0
"CY",1998,0
"CY",1999,0
"CY",2000,0
"CY",2001,0
"CY",2002,0
"CY",2003,0
"CY",2004,0
"CY",2005,0
"CY",2006,0
"CY",2007,0
"CY",2008,0
"CY",2009,0
"CZ",1993,NA
"CZ",1993,NA
"CZ",1994,NA
"CZ",1995,NA
"CZ",1996,0
"CZ",1997,0
"CZ",1998,0
"CZ",1999,0
"CZ",2000,0
"CZ",2001,0
"CZ",2002,0
"CZ",2003,0
"CZ",2004,NA
"CZ",2005,NA
"CZ",2006,NA
"CZ",2007,NA
"CZ",2008,NA
"CZ",2009,NA
"DE",1980,NA
"DE",1980,NA
"DE",1980,NA
"DE",1980,1
"DE",1980,1
"DE",1980,1
"DE",1980,NA
"DE",1980,NA
"DE",1980,NA
"DE",1980,NA
"DE",1980,NA
"DE",1980,NA
"DE",1980,1
"DE",1980,1
"DE",1980,1
"DE",1980,1
"DE",1980,1
"DE",1980,1
"DE",1981,NA
"DE",1981,NA
"DE",1981,NA
"DE",1981,1
"DE",1981,1
"DE",1981,1
"DE",1981,NA
"DE",1981,NA
"DE",1981,NA
"DE",1981,1
"DE",1981,1
"DE",1981,1
"DE",1981,1
"DE",1981,1
"DE",1981,1
"DE",1981,NA
"DE",1981,NA
"DE",1981,NA
"DE",1982,1
"DE",1982,1
"DE",1982,1
"DE",1982,NA
"DE",1982,NA
"DE",1982,NA
"DE",1982,NA
"DE",1982,NA
"DE",1982,NA
"DE",1982,1
"DE",1982,1
"DE",1982,1
"DE",1982,1
"DE",1982,1
"DE",1982,1
"DE",1982,NA
"DE",1982,NA
"DE",1982,NA
"DE",1983,1
"DE",1983,1
"DE",1983,1
"DE",1983,NA
"DE",1983,NA
"DE",1983,NA
"DE",1983,NA
"DE",1983,NA
"DE",1983,NA
"DE",1983,NA
"DE",1983,NA
"DE",1983,NA
"DE",1983,1
"DE",1983,1
"DE",1983,1
"DE",1983,1
"DE",1983,1
"DE",1983,1
"DE",1984,NA
"DE",1984,NA
"DE",1984,NA
"DE",1984,NA
"DE",1984,NA
"DE",1984,NA
"DE",1984,NA
"DE",1984,NA
"DE",1984,NA
"DE",1984,1
"DE",1984,1
"DE",1984,1
"DE",1984,1
"DE",1984,1
"DE",1984,1
"DE",1984,1
"DE",1984,1
"DE",1984,1
"DE",1985,1
"DE",1985,1
"DE",1985,1
"DE",1985,1
"DE",1985,1
"DE",1985,1
"DE",1985,NA
"DE",1985,NA
"DE",1985,NA
"DE",1985,1
"DE",1985,1
"DE",1985,1
"DE",1985,NA
"DE",1985,NA
"DE",1985,NA
"DE",1985,NA
"DE",1985,NA
"DE",1985,NA
"DE",1986,NA
"DE",1986,NA
"DE",1986,NA
"DE",1986,NA
"DE",1986,NA
"DE",1986,NA
"DE",1986,1
"DE",1986,1
"DE",1986,1
"DE",1986,1
"DE",1986,1
"DE",1986,1
"DE",1986,NA
"DE",1986,NA
"DE",1986,NA
"DE",1986,1
"DE",1986,1
"DE",1986,1
"DE",1987,NA
"DE",1987,NA
"DE",1987,NA
"DE",1987,1
"DE",1987,1
"DE",1987,1
"DE",1987,NA
"DE",1987,NA
"DE",1987,NA
"DE",1987,1
"DE",1987,1
"DE",1987,1
"DE",1987,NA
"DE",1987,NA
"DE",1987,NA
"DE",1987,1
"DE",1987,1
"DE",1987,1
"DE",1988,NA
"DE",1988,NA
"DE",1988,NA
"DE",1988,1
"DE",1988,1
"DE",1988,1
"DE",1988,1
"DE",1988,1
"DE",1988,1
"DE",1988,NA
"DE",1988,NA
"DE",1988,NA
"DE",1988,NA
"DE",1988,NA
"DE",1988,NA
"DE",1988,1
"DE",1988,1
"DE",1988,1
"DE",1989,1
"DE",1989,1
"DE",1989,1
"DE",1989,1
"DE",1989,1
"DE",1989,1
"DE",1989,NA
"DE",1989,NA
"DE",1989,NA
"DE",1989,1
"DE",1989,1
"DE",1989,1
"DE",1989,NA
"DE",1989,NA
"DE",1989,NA
"DE",1989,NA
"DE",1989,NA
"DE",1989,NA
"DE",1990,1
"DE",1990,1
"DE",1990,1
"DE",1990,1
"DE",1990,1
"DE",1990,1
"DE",1990,1
"DE",1990,1
"DE",1990,1
"DE",1990,1
"DE",1990,1
"DE",1990,1
"DE",1990,NA
"DE",1990,NA
"DE",1990,NA
"DE",1990,1
"DE",1990,1
"DE",1990,1
"DE",1990,NA
"DE",1990,NA
"DE",1990,NA
"DE",1990,1
"DE",1990,1
"DE",1990,1
"DE",1990,NA
"DE",1990,NA
"DE",1990,NA
"DE",1991,1
"DE",1991,1
"DE",1991,1
"DE",1991,1
"DE",1991,1
"DE",1991,1
"DE",1991,1
"DE",1991,1
"DE",1991,1
"DE",1992,1
"DE",1992,1
"DE",1992,1
"DE",1992,1
"DE",1992,1
"DE",1992,1
"DE",1992,1
"DE",1992,1
"DE",1992,1
"DE",1993,1
"DE",1993,1
"DE",1993,1
"DE",1993,1
"DE",1993,1
"DE",1993,1
"DE",1993,1
"DE",1993,1
"DE",1993,1
"DE",1994,1
"DE",1994,1
"DE",1994,1
"DE",1994,1
"DE",1994,1
"DE",1994,1
"DE",1994,1
"DE",1994,1
"DE",1994,1
"DE",1995,1
"DE",1995,1
"DE",1995,1
"DE",1995,1
"DE",1995,1
"DE",1995,1
"DE",1995,1
"DE",1995,1
"DE",1995,1
"DE",1996,1
"DE",1996,1
"DE",1996,1
"DE",1996,1
"DE",1996,1
"DE",1996,1
"DE",1996,1
"DE",1996,1
"DE",1996,1
"DE",1997,1
"DE",1998,1
"DE",1999,1
"DE",2000,1
"DE",2001,1
"DE",2002,1
"DE",2003,1
"DE",2004,1
"DE",2005,1
"DE",2006,1
"DE",2007,1
"DE",2008,1
"DE",2009,1
"DJ",1980,NA
"DJ",1981,NA
"DJ",1982,NA
"DJ",1983,NA
"DJ",1984,NA
"DJ",1985,NA
"DJ",1986,NA
"DJ",1987,NA
"DJ",1988,NA
"DJ",1989,NA
"DJ",1990,NA
"DJ",1991,NA
"DJ",1992,NA
"DJ",1993,NA
"DJ",1994,NA
"DJ",1995,NA
"DJ",1996,NA
"DJ",1997,NA
"DJ",1998,NA
"DJ",1999,NA
"DJ",2000,NA
"DJ",2001,NA
"DJ",2002,NA
"DJ",2003,NA
"DJ",2004,NA
"DJ",2005,NA
"DJ",2006,NA
"DJ",2007,NA
"DJ",2008,NA
"DJ",2009,NA
"DK",1980,0
"DK",1981,0
"DK",1982,0
"DK",1983,0
"DK",1984,0
"DK",1985,0
"DK",1986,0
"DK",1987,0
"DK",1988,0
"DK",1989,0
"DK",1990,0
"DK",1991,0
"DK",1992,0
"DK",1993,0
"DK",1994,0
"DK",1995,0
"DK",1996,0
"DK",1997,0
"DK",1998,0
"DK",1999,0
"DK",2000,0
"DK",2001,0
"DK",2002,0
"DK",2003,0
"DK",2004,0
"DK",2005,0
"DK",2006,0
"DK",2007,0
"DK",2008,0
"DK",2009,0
"DM",1980,NA
"DM",1981,NA
"DM",1982,NA
"DM",1983,NA
"DM",1984,NA
"DM",1985,NA
"DM",1986,NA
"DM",1987,NA
"DM",1988,NA
"DM",1989,NA
"DM",1990,NA
"DM",1991,NA
"DM",1992,NA
"DM",1993,NA
"DM",1994,NA
"DM",1995,NA
"DM",1996,NA
"DM",1997,NA
"DM",1998,NA
"DM",1999,NA
"DM",2000,NA
"DM",2001,NA
"DM",2002,NA
"DM",2003,NA
"DM",2004,NA
"DM",2005,NA
"DM",2006,NA
"DM",2007,NA
"DM",2008,NA
"DO",1980,0
"DO",1981,0
"DO",1982,0
"DO",1983,0
"DO",1984,0
"DO",1985,0
"DO",1986,0
"DO",1987,0
"DO",1988,0
"DO",1989,0
"DO",1990,0
"DO",1991,0
"DO",1992,0
"DO",1993,0
"DO",1994,0
"DO",1995,0
"DO",1996,0
"DO",1997,0
"DO",1998,0
"DO",1999,0
"DO",2000,0
"DO",2001,0
"DO",2002,0
"DO",2003,0
"DO",2004,0
"DO",2005,0
"DO",2006,0
"DO",2007,0
"DO",2008,0
"DO",2009,0
"DZ",1980,NA
"DZ",1981,NA
"DZ",1982,NA
"DZ",1983,NA
"DZ",1984,NA
"DZ",1985,NA
"DZ",1986,NA
"DZ",1987,NA
"DZ",1988,NA
"DZ",1989,NA
"DZ",1990,NA
"DZ",1991,NA
"DZ",1992,NA
"DZ",1993,NA
"DZ",1994,NA
"DZ",1995,NA
"DZ",1996,NA
"DZ",1997,NA
"DZ",1998,NA
"DZ",1999,NA
"DZ",2000,NA
"DZ",2001,NA
"DZ",2002,NA
"DZ",2003,NA
"DZ",2004,NA
"DZ",2005,NA
"DZ",2006,NA
"DZ",2007,NA
"DZ",2008,NA
"DZ",2009,NA
"EC",1980,0
"EC",1981,0
"EC",1982,0
"EC",1983,0
"EC",1984,0
"EC",1985,0
"EC",1986,0
"EC",1987,0
"EC",1988,0
"EC",1989,0
"EC",1990,0
"EC",1991,0
"EC",1992,0
"EC",1993,0
"EC",1994,0
"EC",1995,0
"EC",1996,0
"EC",1997,0
"EC",1998,0
"EC",1999,0
"EC",2000,0
"EC",2001,0
"EC",2002,0
"EC",2003,0
"EC",2004,0
"EC",2005,0
"EC",2006,0
"EC",2007,0
"EC",2008,0
"EC",2009,0
"EE",1991,NA
"EE",1992,0
"EE",1993,0
"EE",1994,0
"EE",1995,0
"EE",1996,0
"EE",1997,0
"EE",1998,0
"EE",1999,0
"EE",2000,0
"EE",2001,0
"EE",2002,0
"EE",2003,0
"EE",2004,0
"EE",2005,0
"EE",2006,0
"EE",2007,0
"EE",2008,0
"EE",2009,0
"EG",1980,NA
"EG",1981,NA
"EG",1982,NA
"EG",1983,NA
"EG",1984,NA
"EG",1985,NA
"EG",1986,NA
"EG",1987,NA
"EG",1988,NA
"EG",1989,NA
"EG",1990,NA
"EG",1991,NA
"EG",1992,NA
"EG",1993,NA
"EG",1994,NA
"EG",1995,NA
"EG",1996,NA
"EG",1997,NA
"EG",1998,NA
"EG",1999,NA
"EG",2000,NA
"EG",2001,NA
"EG",2002,NA
"EG",2003,NA
"EG",2004,NA
"EG",2005,NA
"EG",2006,NA
"EG",2007,NA
"EG",2008,NA
"EG",2009,NA
"ER",1993,NA
"ER",1994,NA
"ER",1995,NA
"ER",1996,NA
"ER",1997,NA
"ER",1998,NA
"ER",1999,NA
"ER",2000,NA
"ER",2001,NA
"ER",2002,NA
"ER",2003,NA
"ER",2004,NA
"ER",2005,NA
"ER",2006,NA
"ER",2007,NA
"ER",2008,NA
"ER",2009,NA
"ES",1980,0
"ES",1981,0
"ES",1982,0
"ES",1983,0
"ES",1984,0
"ES",1985,0
"ES",1986,0
"ES",1987,0
"ES",1988,0
"ES",1989,0
"ES",1990,0
"ES",1991,0
"ES",1992,0
"ES",1993,0
"ES",1994,0
"ES",1995,0
"ES",1996,0
"ES",1997,0
"ES",1998,0
"ES",1999,0
"ES",2000,0
"ES",2001,0
"ES",2002,0
"ES",2003,0
"ES",2004,0
"ES",2005,0
"ES",2006,0
"ES",2007,0
"ES",2008,0
"ES",2009,0
"ET",1980,NA
"ET",1980,NA
"ET",1980,NA
"ET",1980,NA
"ET",1981,NA
"ET",1981,NA
"ET",1981,NA
"ET",1981,NA
"ET",1982,NA
"ET",1982,NA
"ET",1982,NA
"ET",1982,NA
"ET",1983,NA
"ET",1983,NA
"ET",1983,NA
"ET",1983,NA
"ET",1984,NA
"ET",1984,NA
"ET",1984,NA
"ET",1984,NA
"ET",1985,NA
"ET",1985,NA
"ET",1985,NA
"ET",1985,NA
"ET",1986,NA
"ET",1986,NA
"ET",1986,NA
"ET",1986,NA
"ET",1987,NA
"ET",1987,NA
"ET",1987,NA
"ET",1987,NA
"ET",1988,NA
"ET",1988,NA
"ET",1988,NA
"ET",1988,NA
"ET",1989,NA
"ET",1989,NA
"ET",1989,NA
"ET",1989,NA
"ET",1990,NA
"ET",1990,NA
"ET",1990,NA
"ET",1990,NA
"ET",1991,NA
"ET",1991,NA
"ET",1991,NA
"ET",1991,NA
"ET",1992,NA
"ET",1992,NA
"ET",1992,NA
"ET",1992,NA
"ET",1993,NA
"ET",1993,NA
"ET",1993,NA
"ET",1993,NA
"ET",1993,NA
"ET",1993,NA
"ET",1993,NA
"ET",1993,NA
"ET",1994,NA
"ET",1994,NA
"ET",1994,NA
"ET",1994,NA
"ET",1995,NA
"ET",1995,NA
"ET",1995,NA
"ET",1995,NA
"ET",1996,NA
"ET",1996,NA
"ET",1996,NA
"ET",1996,NA
"ET",1997,NA
"ET",1998,NA
"ET",1999,NA
"ET",2000,NA
"ET",2001,NA
"ET",2002,NA
"ET",2003,NA
"ET",2004,NA
"ET",2005,NA
"ET",2006,NA
"ET",2007,NA
"ET",2008,NA
"ET",2009,NA
"FI",1980,0
"FI",1981,0
"FI",1982,0
"FI",1983,0
"FI",1984,0
"FI",1985,0
"FI",1986,0
"FI",1987,0
"FI",1988,0
"FI",1989,0
"FI",1990,0
"FI",1991,0
"FI",1992,0
"FI",1993,0
"FI",1994,0
"FI",1995,0
"FI",1996,0
"FI",1997,0
"FI",1998,0
"FI",1999,0
"FI",2000,0
"FI",2001,0
"FI",2002,0
"FI",2003,0
"FI",2004,0
"FI",2005,0
"FI",2006,0
"FI",2007,0
"FI",2008,0
"FI",2009,0
"FJ",1980,NA
"FJ",1981,NA
"FJ",1982,NA
"FJ",1983,NA
"FJ",1984,NA
"FJ",1985,NA
"FJ",1986,NA
"FJ",1987,NA
"FJ",1988,NA
"FJ",1989,NA
"FJ",1990,NA
"FJ",1991,NA
"FJ",1992,NA
"FJ",1993,NA
"FJ",1994,NA
"FJ",1995,NA
"FJ",1996,NA
"FJ",1997,NA
"FJ",1998,NA
"FJ",1999,NA
"FJ",2000,NA
"FJ",2001,NA
"FJ",2002,NA
"FJ",2003,NA
"FJ",2004,NA
"FJ",2005,NA
"FJ",2006,NA
"FJ",2007,NA
"FJ",2008,NA
"FJ",2009,NA
"FM",1991,NA
"FM",1992,NA
"FM",1993,NA
"FM",1994,NA
"FM",1995,NA
"FM",1996,NA
"FM",1997,NA
"FM",1998,NA
"FM",1999,NA
"FM",2000,NA
"FM",2001,NA
"FM",2002,NA
"FM",2003,NA
"FM",2004,NA
"FM",2005,NA
"FM",2006,NA
"FM",2007,NA
"FM",2008,NA
"FR",1980,0
"FR",1981,0
"FR",1982,0
"FR",1983,0
"FR",1984,0
"FR",1985,0
"FR",1986,0
"FR",1987,0
"FR",1988,0
"FR",1989,0
"FR",1990,0
"FR",1991,0
"FR",1992,0
"FR",1993,0
"FR",1994,0
"FR",1995,0
"FR",1996,0
"FR",1997,0
"FR",1998,0
"FR",1999,0
"FR",2000,0
"FR",2001,0
"FR",2002,0
"FR",2003,0
"FR",2004,0
"FR",2005,0
"FR",2006,0
"FR",2007,0
"FR",2008,0
"FR",2009,0
"GA",1980,NA
"GA",1981,NA
"GA",1982,NA
"GA",1983,NA
"GA",1984,NA
"GA",1985,NA
"GA",1986,NA
"GA",1987,NA
"GA",1988,NA
"GA",1989,NA
"GA",1990,NA
"GA",1991,NA
"GA",1992,NA
"GA",1993,NA
"GA",1994,NA
"GA",1995,NA
"GA",1996,NA
"GA",1997,NA
"GA",1998,NA
"GA",1999,NA
"GA",2000,NA
"GA",2001,NA
"GA",2002,NA
"GA",2003,NA
"GA",2004,NA
"GA",2005,NA
"GA",2006,NA
"GA",2007,NA
"GA",2008,NA
"GA",2009,NA
"GB",1980,0
"GB",1981,0
"GB",1982,0
"GB",1983,0
"GB",1984,0
"GB",1985,0
"GB",1986,0
"GB",1987,0
"GB",1988,0
"GB",1989,0
"GB",1990,0
"GB",1991,0
"GB",1992,0
"GB",1993,0
"GB",1994,0
"GB",1995,0
"GB",1996,0
"GB",1997,0
"GB",1998,0
"GB",1999,0
"GB",2000,0
"GB",2001,0
"GB",2002,0
"GB",2003,0
"GB",2004,0
"GB",2005,0
"GB",2006,0
"GB",2007,0
"GB",2008,0
"GB",2009,0
"GD",1980,NA
"GD",1981,NA
"GD",1982,NA
"GD",1983,NA
"GD",1984,NA
"GD",1985,NA
"GD",1986,NA
"GD",1987,NA
"GD",1988,NA
"GD",1989,NA
"GD",1990,NA
"GD",1991,NA
"GD",1992,NA
"GD",1993,NA
"GD",1994,NA
"GD",1995,NA
"GD",1996,NA
"GD",1997,NA
"GD",1998,NA
"GD",1999,NA
"GD",2000,NA
"GD",2001,NA
"GD",2002,NA
"GD",2003,NA
"GD",2004,NA
"GD",2005,NA
"GD",2006,NA
"GD",2007,NA
"GD",2008,NA
"GE",1991,NA
"GE",1992,NA
"GE",1993,NA
"GE",1994,NA
"GE",1995,NA
"GE",1996,NA
"GE",1997,NA
"GE",1998,NA
"GE",1999,NA
"GE",2000,NA
"GE",2001,NA
"GE",2002,NA
"GE",2003,NA
"GE",2004,NA
"GE",2005,NA
"GE",2006,NA
"GE",2007,NA
"GE",2008,NA
"GE",2009,NA
"GH",1980,NA
"GH",1981,NA
"GH",1982,NA
"GH",1983,NA
"GH",1984,NA
"GH",1985,NA
"GH",1986,NA
"GH",1987,NA
"GH",1988,NA
"GH",1989,NA
"GH",1990,NA
"GH",1991,NA
"GH",1992,NA
"GH",1993,NA
"GH",1994,NA
"GH",1995,NA
"GH",1996,NA
"GH",1997,NA
"GH",1998,NA
"GH",1999,NA
"GH",2000,NA
"GH",2001,NA
"GH",2002,NA
"GH",2003,NA
"GH",2004,NA
"GH",2005,NA
"GH",2006,NA
"GH",2007,NA
"GH",2008,NA
"GH",2009,NA
"GM",1980,NA
"GM",1981,NA
"GM",1982,NA
"GM",1983,NA
"GM",1984,NA
"GM",1985,NA
"GM",1986,NA
"GM",1987,NA
"GM",1988,NA
"GM",1989,NA
"GM",1990,NA
"GM",1991,NA
"GM",1992,NA
"GM",1993,NA
"GM",1994,NA
"GM",1995,NA
"GM",1996,NA
"GM",1997,NA
"GM",1998,NA
"GM",1999,NA
"GM",2000,NA
"GM",2001,NA
"GM",2002,NA
"GM",2003,NA
"GM",2004,NA
"GM",2005,NA
"GM",2006,NA
"GM",2007,NA
"GM",2008,NA
"GM",2009,NA
"GN",1980,NA
"GN",1981,NA
"GN",1982,NA
"GN",1983,NA
"GN",1984,NA
"GN",1985,NA
"GN",1986,NA
"GN",1987,NA
"GN",1988,NA
"GN",1989,NA
"GN",1990,NA
"GN",1991,NA
"GN",1992,NA
"GN",1993,NA
"GN",1994,NA
"GN",1995,NA
"GN",1996,NA
"GN",1997,NA
"GN",1998,NA
"GN",1999,NA
"GN",2000,NA
"GN",2001,NA
"GN",2002,NA
"GN",2003,NA
"GN",2004,NA
"GN",2005,NA
"GN",2006,NA
"GN",2007,NA
"GN",2008,NA
"GN",2009,NA
"GQ",1980,NA
"GQ",1981,NA
"GQ",1982,NA
"GQ",1983,NA
"GQ",1984,NA
"GQ",1985,NA
"GQ",1986,NA
"GQ",1987,NA
"GQ",1988,NA
"GQ",1989,NA
"GQ",1990,NA
"GQ",1991,NA
"GQ",1992,NA
"GQ",1993,NA
"GQ",1994,NA
"GQ",1995,NA
"GQ",1996,NA
"GQ",1997,NA
"GQ",1998,NA
"GQ",1999,NA
"GQ",2000,NA
"GQ",2001,NA
"GQ",2002,NA
"GQ",2003,NA
"GQ",2004,NA
"GQ",2005,NA
"GQ",2006,NA
"GQ",2007,NA
"GQ",2008,NA
"GQ",2009,NA
"GR",1980,0
"GR",1981,0
"GR",1982,0
"GR",1983,0
"GR",1984,0
"GR",1985,0
"GR",1986,0
"GR",1987,0
"GR",1988,0
"GR",1989,0
"GR",1989,0
"GR",1990,0
"GR",1991,0
"GR",1992,0
"GR",1993,0
"GR",1994,0
"GR",1995,0
"GR",1996,0
"GR",1997,0
"GR",1998,0
"GR",1999,0
"GR",2000,0
"GR",2001,0
"GR",2002,0
"GR",2003,0
"GR",2004,0
"GR",2005,0
"GR",2006,0
"GR",2007,0
"GR",2008,0
"GR",2009,0
"GT",1980,NA
"GT",1981,NA
"GT",1982,NA
"GT",1983,NA
"GT",1984,NA
"GT",1985,NA
"GT",1986,NA
"GT",1987,NA
"GT",1988,NA
"GT",1989,NA
"GT",1990,NA
"GT",1991,NA
"GT",1992,NA
"GT",1993,NA
"GT",1994,NA
"GT",1995,NA
"GT",1996,NA
"GT",1997,NA
"GT",1998,NA
"GT",1999,0
"GT",2000,0
"GT",2001,0
"GT",2002,0
"GT",2003,0
"GT",2004,0
"GT",2005,0
"GT",2006,0
"GT",2007,0
"GT",2008,0
"GT",2009,0
"GW",1980,NA
"GW",1981,NA
"GW",1982,NA
"GW",1983,NA
"GW",1984,NA
"GW",1985,NA
"GW",1986,NA
"GW",1987,NA
"GW",1988,NA
"GW",1989,NA
"GW",1990,NA
"GW",1991,NA
"GW",1992,NA
"GW",1993,NA
"GW",1994,NA
"GW",1995,NA
"GW",1996,NA
"GW",1997,NA
"GW",1998,NA
"GW",1999,NA
"GW",2000,NA
"GW",2001,NA
"GW",2002,NA
"GW",2003,NA
"GW",2004,NA
"GW",2005,NA
"GW",2006,NA
"GW",2007,NA
"GW",2008,NA
"GW",2009,NA
"GY",1980,NA
"GY",1981,NA
"GY",1982,NA
"GY",1983,NA
"GY",1984,NA
"GY",1985,NA
"GY",1986,NA
"GY",1987,NA
"GY",1988,NA
"GY",1989,NA
"GY",1990,NA
"GY",1991,NA
"GY",1992,0
"GY",1993,0
"GY",1994,0
"GY",1995,0
"GY",1996,0
"GY",1997,0
"GY",1998,0
"GY",1999,0
"GY",2000,0
"GY",2001,0
"GY",2002,0
"GY",2003,0
"GY",2004,0
"GY",2005,0
"GY",2006,0
"GY",2007,0
"GY",2008,0
"GY",2009,0
"HN",1980,NA
"HN",1981,NA
"HN",1982,NA
"HN",1983,NA
"HN",1984,NA
"HN",1985,NA
"HN",1986,NA
"HN",1987,NA
"HN",1988,NA
"HN",1989,0
"HN",1990,0
"HN",1991,0
"HN",1992,0
"HN",1993,0
"HN",1994,0
"HN",1995,0
"HN",1996,0
"HN",1997,0
"HN",1998,0
"HN",1999,0
"HN",2000,0
"HN",2001,0
"HN",2002,0
"HN",2003,0
"HN",2004,0
"HN",2005,0
"HN",2006,0
"HN",2007,0
"HN",2008,0
"HN",2009,0
"HR",1991,NA
"HR",1992,NA
"HR",1993,NA
"HR",1994,NA
"HR",1995,NA
"HR",1996,NA
"HR",1997,NA
"HR",1998,NA
"HR",1999,NA
"HR",2000,0
"HR",2001,0
"HR",2002,0
"HR",2003,0
"HR",2004,0
"HR",2005,0
"HR",2006,0
"HR",2007,0
"HR",2008,0
"HR",2009,0
"HT",1980,NA
"HT",1981,NA
"HT",1982,NA
"HT",1983,NA
"HT",1984,NA
"HT",1985,NA
"HT",1986,NA
"HT",1987,NA
"HT",1988,NA
"HT",1989,NA
"HT",1990,NA
"HT",1991,NA
"HT",1992,NA
"HT",1993,NA
"HT",1994,NA
"HT",1994,NA
"HT",1995,NA
"HT",1996,NA
"HT",1997,NA
"HT",1998,NA
"HT",1999,NA
"HT",2000,NA
"HT",2001,NA
"HT",2002,NA
"HT",2003,NA
"HT",2004,NA
"HT",2005,NA
"HT",2006,NA
"HT",2007,NA
"HT",2008,NA
"HT",2009,NA
"HU",1980,NA
"HU",1981,NA
"HU",1982,NA
"HU",1983,NA
"HU",1984,NA
"HU",1985,NA
"HU",1986,NA
"HU",1987,NA
"HU",1988,NA
"HU",1989,NA
"HU",1990,0
"HU",1991,0
"HU",1992,0
"HU",1993,0
"HU",1994,0
"HU",1995,0
"HU",1996,0
"HU",1997,0
"HU",1998,0
"HU",1999,0
"HU",2000,0
"HU",2001,0
"HU",2002,0
"HU",2003,0
"HU",2004,0
"HU",2005,0
"HU",2006,0
"HU",2007,0
"HU",2008,0
"HU",2009,0
"ID",1980,NA
"ID",1981,NA
"ID",1982,NA
"ID",1983,NA
"ID",1984,NA
"ID",1985,NA
"ID",1986,NA
"ID",1987,NA
"ID",1988,NA
"ID",1989,NA
"ID",1990,NA
"ID",1991,NA
"ID",1992,NA
"ID",1993,NA
"ID",1994,NA
"ID",1995,NA
"ID",1996,NA
"ID",1997,NA
"ID",1998,NA
"ID",1999,0
"ID",2000,0
"ID",2001,0
"ID",2002,0
"ID",2003,0
"ID",2004,0
"ID",2005,0
"ID",2006,0
"ID",2007,0
"ID",2008,0
"ID",2009,0
"ID",2010,0
"IE",1980,0
"IE",1981,0
"IE",1982,0
"IE",1982,0
"IE",1983,0
"IE",1984,0
"IE",1985,0
"IE",1986,0
"IE",1987,0
"IE",1988,0
"IE",1989,0
"IE",1990,0
"IE",1991,0
"IE",1992,0
"IE",1993,0
"IE",1994,0
"IE",1995,0
"IE",1995,0
"IE",1996,0
"IE",1996,0
"IE",1997,0
"IE",1997,0
"IE",1998,0
"IE",1998,0
"IE",1999,0
"IE",1999,0
"IE",2000,0
"IE",2000,0
"IE",2001,0
"IE",2001,0
"IE",2002,0
"IE",2002,0
"IE",2003,0
"IE",2003,0
"IE",2004,0
"IE",2004,0
"IE",2005,0
"IE",2005,0
"IE",2006,0
"IE",2006,0
"IE",2007,0
"IE",2007,0
"IE",2008,0
"IE",2008,0
"IE",2009,0
"IE",2009,0
"IL",1980,0
"IL",1981,0
"IL",1982,0
"IL",1983,0
"IL",1984,0
"IL",1985,0
"IL",1986,0
"IL",1987,0
"IL",1988,0
"IL",1989,0
"IL",1990,0
"IL",1991,0
"IL",1992,0
"IL",1993,0
"IL",1994,0
"IL",1995,0
"IL",1996,0
"IL",1997,0
"IL",1998,0
"IL",1999,0
"IL",2000,0
"IL",2001,0
"IL",2002,0
"IL",2003,0
"IL",2004,0
"IL",2005,0
"IL",2006,0
"IL",2007,0
"IL",2008,0
"IL",2009,0
"IL",2010,0
"IN",1980,1
"IN",1981,1
"IN",1982,1
"IN",1983,1
"IN",1984,1
"IN",1984,1
"IN",1985,1
"IN",1986,1
"IN",1987,1
"IN",1988,1
"IN",1989,1
"IN",1990,1
"IN",1991,1
"IN",1992,1
"IN",1993,1
"IN",1994,1
"IN",1995,1
"IN",1996,1
"IN",1997,1
"IN",1998,1
"IN",1999,1
"IN",2000,1
"IN",2001,1
"IN",2002,1
"IN",2003,1
"IN",2004,1
"IN",2005,1
"IN",2006,1
"IN",2007,1
"IN",2008,1
"IN",2009,1
"IQ",1980,NA
"IQ",1981,NA
"IQ",1982,NA
"IQ",1983,NA
"IQ",1984,NA
"IQ",1985,NA
"IQ",1986,NA
"IQ",1987,NA
"IQ",1988,NA
"IQ",1989,NA
"IQ",1990,NA
"IQ",1991,NA
"IQ",1992,NA
"IQ",1993,NA
"IQ",1994,NA
"IQ",1995,NA
"IQ",1996,NA
"IQ",1997,NA
"IQ",1998,NA
"IQ",1999,NA
"IQ",2000,NA
"IQ",2001,NA
"IQ",2002,NA
"IQ",2003,NA
"IQ",2004,NA
"IQ",2005,NA
"IQ",2006,NA
"IQ",2007,NA
"IQ",2008,NA
"IQ",2009,NA
"IR",1980,NA
"IR",1981,NA
"IR",1982,NA
"IR",1983,NA
"IR",1984,NA
"IR",1985,NA
"IR",1986,NA
"IR",1987,NA
"IR",1988,NA
"IR",1989,NA
"IR",1990,NA
"IR",1991,NA
"IR",1992,NA
"IR",1993,NA
"IR",1994,NA
"IR",1995,NA
"IR",1996,NA
"IR",1997,NA
"IR",1998,NA
"IR",1999,NA
"IR",2000,NA
"IR",2001,NA
"IR",2002,NA
"IR",2003,NA
"IR",2004,NA
"IR",2005,NA
"IR",2006,NA
"IR",2007,NA
"IR",2008,NA
"IR",2009,NA
"IS",1980,NA
"IS",1981,NA
"IS",1982,NA
"IS",1983,NA
"IS",1984,NA
"IS",1985,NA
"IS",1986,NA
"IS",1987,NA
"IS",1988,NA
"IS",1989,NA
"IS",1990,NA
"IS",1991,NA
"IS",1992,NA
"IS",1993,NA
"IS",1994,NA
"IS",1995,NA
"IS",1996,NA
"IS",1997,NA
"IS",1998,NA
"IS",1999,NA
"IS",2000,NA
"IS",2001,NA
"IS",2002,NA
"IS",2003,NA
"IS",2004,NA
"IS",2005,NA
"IS",2006,NA
"IS",2007,NA
"IS",2008,NA
"IT",1980,0
"IT",1981,0
"IT",1982,0
"IT",1983,0
"IT",1984,0
"IT",1985,0
"IT",1986,0
"IT",1987,0
"IT",1988,0
"IT",1989,0
"IT",1990,0
"IT",1991,0
"IT",1992,0
"IT",1993,0
"IT",1994,0
"IT",1994,0
"IT",1995,0
"IT",1996,0
"IT",1997,0
"IT",1998,0
"IT",1999,0
"IT",2000,0
"IT",2001,0
"IT",2002,0
"IT",2003,0
"IT",2004,0
"IT",2005,0
"IT",2006,0
"IT",2007,0
"IT",2008,0
"IT",2009,0
"IT",2010,0
"IT",2010,0
"JM",1980,0
"JM",1981,0
"JM",1982,0
"JM",1983,0
"JM",1984,0
"JM",1985,0
"JM",1986,0
"JM",1987,0
"JM",1988,0
"JM",1989,0
"JM",1990,0
"JM",1991,0
"JM",1992,0
"JM",1993,0
"JM",1994,0
"JM",1995,0
"JM",1996,0
"JM",1997,0
"JM",1998,0
"JM",1999,0
"JM",2000,0
"JM",2001,0
"JM",2002,0
"JM",2003,0
"JM",2004,0
"JM",2005,0
"JM",2006,0
"JM",2007,0
"JM",2008,0
"JM",2009,0
"JO",1980,NA
"JO",1981,NA
"JO",1982,NA
"JO",1983,NA
"JO",1984,NA
"JO",1985,NA
"JO",1986,NA
"JO",1987,NA
"JO",1988,NA
"JO",1989,NA
"JO",1990,NA
"JO",1991,NA
"JO",1992,NA
"JO",1993,NA
"JO",1994,NA
"JO",1995,NA
"JO",1996,NA
"JO",1997,NA
"JO",1998,NA
"JO",1999,NA
"JO",2000,NA
"JO",2001,NA
"JO",2002,NA
"JO",2003,NA
"JO",2004,NA
"JO",2005,NA
"JO",2006,NA
"JO",2007,NA
"JO",2008,NA
"JO",2009,NA
"JP",1980,0
"JP",1981,0
"JP",1982,0
"JP",1983,0
"JP",1984,0
"JP",1985,0
"JP",1986,0
"JP",1987,0
"JP",1988,0
"JP",1989,0
"JP",1990,0
"JP",1991,0
"JP",1992,0
"JP",1993,0
"JP",1994,0
"JP",1995,0
"JP",1996,0
"JP",1997,0
"JP",1998,0
"JP",1999,0
"JP",2000,0
"JP",2001,0
"JP",2002,0
"JP",2003,0
"JP",2004,0
"JP",2005,0
"JP",2006,0
"JP",2007,0
"JP",2008,0
"JP",2009,0
"KE",1980,NA
"KE",1981,NA
"KE",1982,NA
"KE",1983,NA
"KE",1984,NA
"KE",1985,NA
"KE",1986,NA
"KE",1987,NA
"KE",1988,NA
"KE",1989,NA
"KE",1990,NA
"KE",1991,NA
"KE",1992,NA
"KE",1993,NA
"KE",1994,NA
"KE",1995,NA
"KE",1996,NA
"KE",1997,NA
"KE",1998,NA
"KE",1999,NA
"KE",2000,NA
"KE",2001,NA
"KE",2002,NA
"KE",2003,NA
"KE",2004,NA
"KE",2005,NA
"KE",2006,NA
"KE",2007,NA
"KE",2008,NA
"KE",2009,NA
"KG",1991,NA
"KG",1992,NA
"KG",1993,NA
"KG",1994,NA
"KG",1995,NA
"KG",1996,NA
"KG",1997,NA
"KG",1998,NA
"KG",1999,NA
"KG",2000,NA
"KG",2001,NA
"KG",2002,NA
"KG",2003,NA
"KG",2004,NA
"KG",2005,NA
"KG",2006,NA
"KG",2007,NA
"KG",2008,NA
"KG",2009,NA
"KH",1980,NA
"KH",1981,NA
"KH",1982,NA
"KH",1983,NA
"KH",1984,NA
"KH",1985,NA
"KH",1986,NA
"KH",1987,NA
"KH",1988,NA
"KH",1989,NA
"KH",1990,NA
"KH",1991,NA
"KH",1992,NA
"KH",1993,NA
"KH",1994,NA
"KH",1995,NA
"KH",1996,NA
"KH",1997,NA
"KH",1998,NA
"KH",1999,NA
"KH",2000,NA
"KH",2001,NA
"KH",2002,NA
"KH",2003,NA
"KH",2004,NA
"KH",2005,NA
"KH",2006,NA
"KH",2007,NA
"KH",2008,NA
"KH",2009,NA
"KI",1980,NA
"KI",1981,NA
"KI",1982,NA
"KI",1983,NA
"KI",1984,NA
"KI",1985,NA
"KI",1986,NA
"KI",1987,NA
"KI",1988,NA
"KI",1989,NA
"KI",1990,NA
"KI",1991,NA
"KI",1992,NA
"KI",1993,NA
"KI",1994,NA
"KI",1995,NA
"KI",1996,NA
"KI",1997,NA
"KI",1998,NA
"KI",1999,NA
"KI",2000,NA
"KI",2001,NA
"KI",2002,NA
"KI",2003,NA
"KI",2004,NA
"KI",2005,NA
"KI",2006,NA
"KI",2007,NA
"KI",2008,NA
"KM",1980,NA
"KM",1981,NA
"KM",1982,NA
"KM",1983,NA
"KM",1984,NA
"KM",1985,NA
"KM",1986,NA
"KM",1987,NA
"KM",1988,NA
"KM",1989,NA
"KM",1990,NA
"KM",1991,NA
"KM",1992,NA
"KM",1993,NA
"KM",1994,NA
"KM",1995,NA
"KM",1996,NA
"KM",1997,NA
"KM",1998,NA
"KM",1999,NA
"KM",2000,NA
"KM",2001,NA
"KM",2002,NA
"KM",2003,NA
"KM",2004,NA
"KM",2005,NA
"KM",2006,NA
"KM",2007,NA
"KM",2008,NA
"KM",2009,NA
"KN",1983,NA
"KN",1984,NA
"KN",1985,NA
"KN",1986,NA
"KN",1987,NA
"KN",1988,NA
"KN",1989,NA
"KN",1990,NA
"KN",1991,NA
"KN",1992,NA
"KN",1993,NA
"KN",1994,NA
"KN",1995,NA
"KN",1996,NA
"KN",1997,NA
"KN",1998,NA
"KN",1999,NA
"KN",2000,NA
"KN",2001,NA
"KN",2002,NA
"KN",2003,NA
"KN",2004,NA
"KN",2005,NA
"KN",2006,NA
"KN",2007,NA
"KN",2008,NA
"KP",1980,NA
"KP",1981,NA
"KP",1982,NA
"KP",1983,NA
"KP",1984,NA
"KP",1985,NA
"KP",1986,NA
"KP",1987,NA
"KP",1988,NA
"KP",1989,NA
"KP",1990,NA
"KP",1991,NA
"KP",1992,NA
"KP",1993,NA
"KP",1994,NA
"KP",1995,NA
"KP",1996,NA
"KP",1997,NA
"KP",1998,NA
"KP",1999,NA
"KP",2000,NA
"KP",2001,NA
"KP",2002,NA
"KP",2003,NA
"KP",2004,NA
"KP",2005,NA
"KP",2006,NA
"KP",2007,NA
"KP",2008,NA
"KP",2009,NA
"KR",1980,NA
"KR",1980,NA
"KR",1980,NA
"KR",1980,NA
"KR",1981,NA
"KR",1981,NA
"KR",1981,NA
"KR",1981,NA
"KR",1982,NA
"KR",1982,NA
"KR",1982,NA
"KR",1982,NA
"KR",1983,NA
"KR",1983,NA
"KR",1983,NA
"KR",1983,NA
"KR",1984,NA
"KR",1984,NA
"KR",1984,NA
"KR",1984,NA
"KR",1985,NA
"KR",1985,NA
"KR",1985,NA
"KR",1985,NA
"KR",1986,NA
"KR",1986,NA
"KR",1986,NA
"KR",1986,NA
"KR",1987,NA
"KR",1987,NA
"KR",1987,NA
"KR",1987,NA
"KR",1988,0
"KR",1988,0
"KR",1988,0
"KR",1988,0
"KR",1989,0
"KR",1989,0
"KR",1989,0
"KR",1989,0
"KR",1990,0
"KR",1990,0
"KR",1990,0
"KR",1990,0
"KR",1991,0
"KR",1991,0
"KR",1991,0
"KR",1991,0
"KR",1992,0
"KR",1992,0
"KR",1992,0
"KR",1992,0
"KR",1993,0
"KR",1993,0
"KR",1993,0
"KR",1993,0
"KR",1994,0
"KR",1994,0
"KR",1994,0
"KR",1994,0
"KR",1995,0
"KR",1995,0
"KR",1995,0
"KR",1995,0
"KR",1996,0
"KR",1996,0
"KR",1996,0
"KR",1996,0
"KR",1997,0
"KR",1998,0
"KR",1999,0
"KR",2000,0
"KR",2001,0
"KR",2002,0
"KR",2003,0
"KR",2004,0
"KR",2005,0
"KR",2006,0
"KR",2007,0
"KR",2008,0
"KR",2008,0
"KR",2009,0
"KR",2009,0
"KR",2009,0
"KR",2010,0
"KW",1980,NA
"KW",1981,NA
"KW",1982,NA
"KW",1983,NA
"KW",1984,NA
"KW",1985,NA
"KW",1986,NA
"KW",1987,NA
"KW",1988,NA
"KW",1989,NA
"KW",1990,NA
"KW",1991,NA
"KW",1992,NA
"KW",1993,NA
"KW",1994,NA
"KW",1995,NA
"KW",1996,NA
"KW",1997,NA
"KW",1998,NA
"KW",1999,NA
"KW",2000,NA
"KW",2001,NA
"KW",2002,NA
"KW",2003,NA
"KW",2004,NA
"KW",2005,NA
"KW",2006,NA
"KW",2007,NA
"KW",2008,NA
"KW",2009,NA
"KZ",1991,NA
"KZ",1992,NA
"KZ",1993,NA
"KZ",1994,NA
"KZ",1995,NA
"KZ",1996,NA
"KZ",1997,NA
"KZ",1998,NA
"KZ",1999,NA
"KZ",2000,NA
"KZ",2001,NA
"KZ",2002,NA
"KZ",2003,NA
"KZ",2004,NA
"KZ",2005,NA
"KZ",2006,NA
"KZ",2007,NA
"KZ",2008,NA
"KZ",2009,NA
"LA",1980,NA
"LA",1981,NA
"LA",1982,NA
"LA",1983,NA
"LA",1984,NA
"LA",1985,NA
"LA",1986,NA
"LA",1987,NA
"LA",1988,NA
"LA",1989,NA
"LA",1990,NA
"LA",1991,NA
"LA",1992,NA
"LA",1993,NA
"LA",1994,NA
"LA",1995,NA
"LA",1996,NA
"LA",1997,NA
"LA",1998,NA
"LA",1999,NA
"LA",2000,NA
"LA",2001,NA
"LA",2002,NA
"LA",2003,NA
"LA",2004,NA
"LA",2005,NA
"LA",2006,NA
"LA",2007,NA
"LA",2008,NA
"LA",2009,NA
"LB",1980,NA
"LB",1981,NA
"LB",1982,NA
"LB",1983,NA
"LB",1984,NA
"LB",1985,NA
"LB",1986,NA
"LB",1987,NA
"LB",1988,NA
"LB",1989,NA
"LB",1990,NA
"LB",1991,NA
"LB",1992,NA
"LB",1993,NA
"LB",1994,NA
"LB",1995,NA
"LB",1996,NA
"LB",1997,NA
"LB",1998,NA
"LB",1999,NA
"LB",2000,NA
"LB",2001,NA
"LB",2002,NA
"LB",2003,NA
"LB",2004,NA
"LB",2005,NA
"LB",2006,NA
"LB",2007,NA
"LB",2008,NA
"LB",2009,NA
"LC",1980,NA
"LC",1981,NA
"LC",1982,NA
"LC",1983,NA
"LC",1984,NA
"LC",1985,NA
"LC",1986,NA
"LC",1987,NA
"LC",1988,NA
"LC",1989,NA
"LC",1990,NA
"LC",1991,NA
"LC",1992,NA
"LC",1993,NA
"LC",1994,NA
"LC",1995,NA
"LC",1996,NA
"LC",1997,NA
"LC",1998,NA
"LC",1999,NA
"LC",2000,NA
"LC",2001,NA
"LC",2002,NA
"LC",2003,NA
"LC",2004,NA
"LC",2005,NA
"LC",2006,NA
"LC",2007,NA
"LC",2008,NA
"LI",1992,NA
"LI",1993,NA
"LI",1994,NA
"LI",1995,NA
"LI",1996,NA
"LI",1997,NA
"LI",1998,NA
"LI",1999,NA
"LI",2000,NA
"LI",2001,NA
"LI",2002,NA
"LI",2003,NA
"LI",2004,NA
"LI",2005,NA
"LI",2006,NA
"LI",2007,NA
"LI",2008,NA
"LK",1980,0
"LK",1981,0
"LK",1982,0
"LK",1983,0
"LK",1984,0
"LK",1985,0
"LK",1986,0
"LK",1987,0
"LK",1988,0
"LK",1989,0
"LK",1990,0
"LK",1991,0
"LK",1992,0
"LK",1993,0
"LK",1994,0
"LK",1995,0
"LK",1996,0
"LK",1997,0
"LK",1998,0
"LK",1999,0
"LK",2000,0
"LK",2001,0
"LK",2002,0
"LK",2003,0
"LK",2004,0
"LK",2005,0
"LK",2006,0
"LK",2007,0
"LK",2008,0
"LK",2009,0
"LR",1980,NA
"LR",1981,NA
"LR",1982,NA
"LR",1983,NA
"LR",1984,NA
"LR",1985,NA
"LR",1986,NA
"LR",1987,NA
"LR",1988,NA
"LR",1989,NA
"LR",1990,NA
"LR",1991,NA
"LR",1992,NA
"LR",1993,NA
"LR",1994,NA
"LR",1995,NA
"LR",1996,NA
"LR",1997,NA
"LR",1998,NA
"LR",1999,NA
"LR",2000,NA
"LR",2001,NA
"LR",2002,NA
"LR",2003,NA
"LR",2004,NA
"LR",2005,NA
"LR",2006,NA
"LR",2007,NA
"LR",2008,NA
"LR",2009,NA
"LS",1980,NA
"LS",1981,NA
"LS",1982,NA
"LS",1983,NA
"LS",1984,NA
"LS",1985,NA
"LS",1986,NA
"LS",1987,NA
"LS",1988,NA
"LS",1989,NA
"LS",1990,NA
"LS",1991,NA
"LS",1992,NA
"LS",1993,NA
"LS",1994,NA
"LS",1995,NA
"LS",1996,NA
"LS",1997,NA
"LS",1998,NA
"LS",1999,NA
"LS",2000,NA
"LS",2001,NA
"LS",2002,0
"LS",2003,0
"LS",2004,0
"LS",2005,0
"LS",2006,0
"LS",2007,0
"LS",2008,0
"LS",2009,0
"LT",1991,NA
"LT",1992,0
"LT",1993,0
"LT",1994,0
"LT",1995,0
"LT",1996,0
"LT",1997,0
"LT",1998,0
"LT",1999,0
"LT",2000,0
"LT",2001,0
"LT",2002,0
"LT",2003,0
"LT",2004,0
"LT",2005,0
"LT",2006,0
"LT",2007,0
"LT",2008,0
"LT",2009,0
"LU",1980,NA
"LU",1981,NA
"LU",1982,NA
"LU",1983,NA
"LU",1984,NA
"LU",1985,NA
"LU",1986,NA
"LU",1987,NA
"LU",1988,NA
"LU",1989,NA
"LU",1990,NA
"LU",1991,NA
"LU",1992,NA
"LU",1993,NA
"LU",1994,NA
"LU",1995,NA
"LU",1996,NA
"LU",1997,NA
"LU",1998,NA
"LU",1999,NA
"LU",2000,NA
"LU",2001,NA
"LU",2002,NA
"LU",2003,NA
"LU",2004,NA
"LU",2005,NA
"LU",2006,NA
"LU",2007,NA
"LU",2008,NA
"LV",1991,NA
"LV",1992,NA
"LV",1993,0
"LV",1994,0
"LV",1995,0
"LV",1996,0
"LV",1997,0
"LV",1998,0
"LV",1999,0
"LV",2000,0
"LV",2001,0
"LV",2002,0
"LV",2003,0
"LV",2004,0
"LV",2005,0
"LV",2006,0
"LV",2007,0
"LV",2008,0
"LV",2009,0
"LY",1980,NA
"LY",1981,NA
"LY",1982,NA
"LY",1983,NA
"LY",1984,NA
"LY",1985,NA
"LY",1986,NA
"LY",1987,NA
"LY",1988,NA
"LY",1989,NA
"LY",1990,NA
"LY",1991,NA
"LY",1992,NA
"LY",1993,NA
"LY",1994,NA
"LY",1995,NA
"LY",1996,NA
"LY",1997,NA
"LY",1998,NA
"LY",1999,NA
"LY",2000,NA
"LY",2001,NA
"LY",2002,NA
"LY",2003,NA
"LY",2004,NA
"LY",2005,NA
"LY",2006,NA
"LY",2007,NA
"LY",2008,NA
"LY",2009,NA
"MA",1980,NA
"MA",1981,NA
"MA",1982,NA
"MA",1983,NA
"MA",1984,NA
"MA",1985,NA
"MA",1986,NA
"MA",1987,NA
"MA",1988,NA
"MA",1989,NA
"MA",1990,NA
"MA",1991,NA
"MA",1992,NA
"MA",1993,NA
"MA",1994,NA
"MA",1995,NA
"MA",1996,NA
"MA",1997,NA
"MA",1998,NA
"MA",1999,NA
"MA",2000,NA
"MA",2001,NA
"MA",2002,NA
"MA",2003,NA
"MA",2004,NA
"MA",2005,NA
"MA",2006,NA
"MA",2007,NA
"MA",2008,NA
"MA",2009,NA
"MC",2000,NA
"MD",1991,NA
"MD",1992,NA
"MD",1993,NA
"MD",1994,NA
"MD",1995,NA
"MD",1996,NA
"MD",1997,NA
"MD",1998,0
"MD",1999,0
"MD",2000,0
"MD",2001,0
"MD",2002,0
"MD",2003,0
"MD",2004,0
"MD",2005,0
"MD",2006,0
"MD",2007,0
"MD",2008,0
"MD",2009,0
"ME",2006,NA
"ME",2007,NA
"ME",2008,NA
"ME",2009,NA
"MG",1980,NA
"MG",1981,NA
"MG",1982,NA
"MG",1983,NA
"MG",1984,NA
"MG",1985,NA
"MG",1986,NA
"MG",1987,NA
"MG",1988,NA
"MG",1989,NA
"MG",1990,NA
"MG",1991,NA
"MG",1992,NA
"MG",1993,NA
"MG",1994,NA
"MG",1995,NA
"MG",1996,NA
"MG",1997,NA
"MG",1998,0
"MG",1999,0
"MG",2000,0
"MG",2001,0
"MG",2002,0
"MG",2003,0
"MG",2004,NA
"MG",2005,NA
"MG",2006,NA
"MG",2007,NA
"MG",2008,NA
"MG",2009,NA
"MH",1991,NA
"MH",1992,NA
"MH",1993,NA
"MH",1994,NA
"MH",1995,NA
"MH",1996,NA
"MH",1997,NA
"MH",1998,NA
"MH",1999,NA
"MH",2000,NA
"MH",2001,NA
"MH",2002,NA
"MH",2003,NA
"MH",2004,NA
"MH",2005,NA
"MH",2006,NA
"MH",2007,NA
"MH",2008,NA
"MK",1991,NA
"MK",1992,NA
"MK",1993,NA
"MK",1994,0
"MK",1995,0
"MK",1996,0
"MK",1997,0
"MK",1998,0
"MK",1999,0
"MK",2000,0
"MK",2001,0
"MK",2002,0
"MK",2003,0
"MK",2004,0
"MK",2005,0
"MK",2006,0
"MK",2007,0
"MK",2008,0
"MK",2009,0
"ML",1980,NA
"ML",1981,NA
"ML",1982,NA
"ML",1983,NA
"ML",1984,NA
"ML",1985,NA
"ML",1986,NA
"ML",1987,NA
"ML",1988,NA
"ML",1989,NA
"ML",1990,NA
"ML",1991,NA
"ML",1992,0
"ML",1993,0
"ML",1994,0
"ML",1995,0
"ML",1996,0
"ML",1997,0
"ML",1998,0
"ML",1999,0
"ML",2000,0
"ML",2001,0
"ML",2002,0
"ML",2003,0
"ML",2004,0
"ML",2005,0
"ML",2006,0
"ML",2007,0
"ML",2008,0
"ML",2009,0
"MM",1980,NA
"MM",1981,NA
"MM",1982,NA
"MM",1983,NA
"MM",1984,NA
"MM",1985,NA
"MM",1986,NA
"MM",1987,NA
"MM",1988,NA
"MM",1989,NA
"MM",1990,NA
"MM",1991,NA
"MM",1992,NA
"MM",1993,NA
"MM",1994,NA
"MM",1995,NA
"MM",1996,NA
"MM",1997,NA
"MM",1998,NA
"MM",1999,NA
"MM",2000,NA
"MM",2001,NA
"MM",2002,NA
"MM",2003,NA
"MM",2004,NA
"MM",2005,NA
"MM",2006,NA
"MM",2007,NA
"MM",2008,NA
"MM",2009,NA
"MN",1980,NA
"MN",1981,NA
"MN",1982,NA
"MN",1983,NA
"MN",1984,NA
"MN",1985,NA
"MN",1986,NA
"MN",1987,NA
"MN",1988,NA
"MN",1989,NA
"MN",1990,NA
"MN",1991,NA
"MN",1992,0
"MN",1993,0
"MN",1994,0
"MN",1995,0
"MN",1996,0
"MN",1997,0
"MN",1998,0
"MN",1999,0
"MN",2000,0
"MN",2001,0
"MN",2002,0
"MN",2003,0
"MN",2004,0
"MN",2005,0
"MN",2006,0
"MN",2007,0
"MN",2008,0
"MN",2009,0
"MR",1980,NA
"MR",1981,NA
"MR",1982,NA
"MR",1983,NA
"MR",1984,NA
"MR",1985,NA
"MR",1986,NA
"MR",1987,NA
"MR",1988,NA
"MR",1989,NA
"MR",1990,NA
"MR",1991,NA
"MR",1992,NA
"MR",1993,NA
"MR",1994,NA
"MR",1995,NA
"MR",1996,NA
"MR",1997,NA
"MR",1998,NA
"MR",1999,NA
"MR",2000,NA
"MR",2001,NA
"MR",2002,NA
"MR",2003,NA
"MR",2004,NA
"MR",2005,NA
"MR",2006,NA
"MR",2007,NA
"MR",2008,NA
"MR",2009,NA
"MT",1980,NA
"MT",1981,NA
"MT",1982,NA
"MT",1983,NA
"MT",1984,NA
"MT",1985,NA
"MT",1986,NA
"MT",1987,NA
"MT",1988,NA
"MT",1989,NA
"MT",1990,NA
"MT",1991,NA
"MT",1992,NA
"MT",1993,NA
"MT",1994,NA
"MT",1995,NA
"MT",1996,NA
"MT",1997,NA
"MT",1998,NA
"MT",1999,NA
"MT",2000,NA
"MT",2001,NA
"MT",2002,NA
"MT",2003,NA
"MT",2004,NA
"MT",2005,NA
"MT",2006,NA
"MT",2007,NA
"MT",2008,NA
"MU",1980,0
"MU",1981,0
"MU",1982,0
"MU",1983,0
"MU",1984,0
"MU",1985,0
"MU",1986,0
"MU",1987,0
"MU",1988,0
"MU",1989,0
"MU",1990,0
"MU",1991,0
"MU",1992,0
"MU",1993,0
"MU",1994,0
"MU",1995,0
"MU",1996,0
"MU",1997,0
"MU",1998,0
"MU",1999,0
"MU",2000,0
"MU",2001,0
"MU",2002,0
"MU",2003,0
"MU",2004,0
"MU",2005,0
"MU",2006,0
"MU",2007,0
"MU",2008,0
"MU",2009,0
"MV",1980,NA
"MV",1981,NA
"MV",1982,NA
"MV",1983,NA
"MV",1984,NA
"MV",1985,NA
"MV",1986,NA
"MV",1987,NA
"MV",1988,NA
"MV",1989,NA
"MV",1990,NA
"MV",1991,NA
"MV",1992,NA
"MV",1993,NA
"MV",1994,NA
"MV",1995,NA
"MV",1996,NA
"MV",1997,NA
"MV",1998,NA
"MV",1999,NA
"MV",2000,NA
"MV",2001,NA
"MV",2002,NA
"MV",2003,NA
"MV",2004,NA
"MV",2005,NA
"MV",2006,NA
"MV",2007,NA
"MV",2008,NA
"MW",1980,NA
"MW",1981,NA
"MW",1982,NA
"MW",1983,NA
"MW",1984,NA
"MW",1985,NA
"MW",1986,NA
"MW",1987,NA
"MW",1988,NA
"MW",1989,NA
"MW",1990,NA
"MW",1991,NA
"MW",1992,NA
"MW",1993,NA
"MW",1994,0
"MW",1995,0
"MW",1996,0
"MW",1997,0
"MW",1998,0
"MW",1999,0
"MW",2000,0
"MW",2001,0
"MW",2002,0
"MW",2003,0
"MW",2004,0
"MW",2005,0
"MW",2006,0
"MW",2007,0
"MW",2008,0
"MW",2009,0
"MX",1980,NA
"MX",1981,NA
"MX",1982,NA
"MX",1983,NA
"MX",1984,NA
"MX",1985,NA
"MX",1986,NA
"MX",1987,NA
"MX",1988,NA
"MX",1989,NA
"MX",1990,NA
"MX",1991,NA
"MX",1992,NA
"MX",1993,NA
"MX",1994,NA
"MX",1995,NA
"MX",1996,NA
"MX",1997,NA
"MX",1998,NA
"MX",1999,NA
"MX",2000,1
"MX",2001,1
"MX",2002,1
"MX",2003,1
"MX",2004,1
"MX",2005,1
"MX",2006,1
"MX",2006,1
"MX",2007,1
"MX",2008,1
"MX",2009,1
"MY",1980,NA
"MY",1981,NA
"MY",1982,NA
"MY",1983,NA
"MY",1984,NA
"MY",1985,NA
"MY",1986,NA
"MY",1987,NA
"MY",1988,NA
"MY",1989,NA
"MY",1990,NA
"MY",1991,NA
"MY",1992,NA
"MY",1993,NA
"MY",1994,NA
"MY",1995,NA
"MY",1996,NA
"MY",1997,NA
"MY",1998,NA
"MY",1999,NA
"MY",2000,NA
"MY",2001,NA
"MY",2002,NA
"MY",2003,NA
"MY",2004,NA
"MY",2005,NA
"MY",2006,NA
"MY",2007,NA
"MY",2008,NA
"MY",2009,NA
"MZ",1980,NA
"MZ",1981,NA
"MZ",1982,NA
"MZ",1983,NA
"MZ",1984,NA
"MZ",1985,NA
"MZ",1986,NA
"MZ",1987,NA
"MZ",1988,NA
"MZ",1989,NA
"MZ",1990,NA
"MZ",1991,NA
"MZ",1992,NA
"MZ",1993,NA
"MZ",1994,0
"MZ",1995,0
"MZ",1996,0
"MZ",1997,0
"MZ",1998,0
"MZ",1999,0
"MZ",2000,0
"MZ",2001,0
"MZ",2002,0
"MZ",2003,0
"MZ",2004,0
"MZ",2005,0
"MZ",2006,0
"MZ",2007,0
"MZ",2008,0
"MZ",2009,0
"NE",1980,NA
"NE",1981,NA
"NE",1982,NA
"NE",1983,NA
"NE",1984,NA
"NE",1985,NA
"NE",1986,NA
"NE",1987,NA
"NE",1988,NA
"NE",1989,NA
"NE",1990,NA
"NE",1991,NA
"NE",1992,NA
"NE",1993,NA
"NE",1994,NA
"NE",1995,NA
"NE",1996,NA
"NE",1997,NA
"NE",1998,NA
"NE",1999,NA
"NE",2000,NA
"NE",2001,NA
"NE",2002,NA
"NE",2003,NA
"NE",2004,NA
"NE",2005,NA
"NE",2006,NA
"NE",2007,NA
"NE",2008,NA
"NE",2009,NA
"NG",1980,NA
"NG",1981,NA
"NG",1982,NA
"NG",1983,NA
"NG",1984,NA
"NG",1985,NA
"NG",1986,NA
"NG",1987,NA
"NG",1988,NA
"NG",1989,NA
"NG",1990,NA
"NG",1991,NA
"NG",1992,NA
"NG",1993,NA
"NG",1994,NA
"NG",1995,NA
"NG",1996,NA
"NG",1997,NA
"NG",1998,NA
"NG",1999,NA
"NG",2000,NA
"NG",2001,NA
"NG",2002,NA
"NG",2003,NA
"NG",2004,NA
"NG",2005,NA
"NG",2006,NA
"NG",2007,NA
"NG",2008,NA
"NG",2009,NA
"NG",2010,NA
"NI",1980,NA
"NI",1981,NA
"NI",1982,NA
"NI",1983,NA
"NI",1984,NA
"NI",1985,NA
"NI",1986,NA
"NI",1987,NA
"NI",1988,NA
"NI",1989,NA
"NI",1990,0
"NI",1991,0
"NI",1992,0
"NI",1993,0
"NI",1994,0
"NI",1995,0
"NI",1996,0
"NI",1997,0
"NI",1998,0
"NI",1999,0
"NI",2000,0
"NI",2001,0
"NI",2002,0
"NI",2003,0
"NI",2004,0
"NI",2005,0
"NI",2006,0
"NI",2007,0
"NI",2008,0
"NI",2009,0
"NL",1980,0
"NL",1981,0
"NL",1982,0
"NL",1983,0
"NL",1984,0
"NL",1985,0
"NL",1986,0
"NL",1987,0
"NL",1988,0
"NL",1989,0
"NL",1990,0
"NL",1991,0
"NL",1992,0
"NL",1993,0
"NL",1994,0
"NL",1995,0
"NL",1996,0
"NL",1997,0
"NL",1998,0
"NL",1999,0
"NL",2000,0
"NL",2001,0
"NL",2002,0
"NL",2003,0
"NL",2004,0
"NL",2005,0
"NL",2006,0
"NL",2007,0
"NL",2008,0
"NL",2009,0
"NO",1980,0
"NO",1981,0
"NO",1982,0
"NO",1983,0
"NO",1984,0
"NO",1985,0
"NO",1986,0
"NO",1987,0
"NO",1988,0
"NO",1989,0
"NO",1990,0
"NO",1991,0
"NO",1992,0
"NO",1993,0
"NO",1994,0
"NO",1995,0
"NO",1996,0
"NO",1997,0
"NO",1998,0
"NO",1999,0
"NO",2000,0
"NO",2001,0
"NO",2002,0
"NO",2003,0
"NO",2004,0
"NO",2005,0
"NO",2006,0
"NO",2007,0
"NO",2008,0
"NO",2009,0
"NP",1980,NA
"NP",1981,NA
"NP",1982,NA
"NP",1983,NA
"NP",1984,NA
"NP",1985,NA
"NP",1986,NA
"NP",1987,NA
"NP",1988,NA
"NP",1989,NA
"NP",1990,NA
"NP",1991,NA
"NP",1992,NA
"NP",1993,NA
"NP",1994,NA
"NP",1995,NA
"NP",1996,NA
"NP",1997,NA
"NP",1998,NA
"NP",1999,0
"NP",2000,0
"NP",2001,0
"NP",2002,0
"NP",2003,0
"NP",2004,NA
"NP",2005,NA
"NP",2006,NA
"NP",2007,NA
"NP",2008,NA
"NP",2009,NA
"NP",2010,NA
"NR",1980,NA
"NR",1981,NA
"NR",1982,NA
"NR",1983,NA
"NR",1984,NA
"NR",1985,NA
"NR",1986,NA
"NR",1987,NA
"NR",1988,NA
"NR",1989,NA
"NR",1990,NA
"NR",1991,NA
"NR",1992,NA
"NR",1993,NA
"NR",1994,NA
"NR",1995,NA
"NR",1996,NA
"NR",1997,NA
"NR",1998,NA
"NR",1999,NA
"NR",2000,NA
"NR",2001,NA
"NR",2002,NA
"NR",2003,NA
"NR",2004,NA
"NR",2005,NA
"NR",2006,NA
"NR",2007,NA
"NR",2008,NA
"NZ",1980,0
"NZ",1981,0
"NZ",1982,0
"NZ",1983,0
"NZ",1984,0
"NZ",1985,0
"NZ",1986,0
"NZ",1987,0
"NZ",1988,0
"NZ",1989,0
"NZ",1990,0
"NZ",1991,0
"NZ",1992,0
"NZ",1993,0
"NZ",1994,0
"NZ",1995,0
"NZ",1996,0
"NZ",1997,0
"NZ",1998,0
"NZ",1999,0
"NZ",2000,0
"NZ",2001,0
"NZ",2002,0
"NZ",2003,0
"NZ",2004,0
"NZ",2005,0
"NZ",2006,0
"NZ",2007,0
"NZ",2008,0
"NZ",2009,0
"OM",1980,NA
"OM",1981,NA
"OM",1982,NA
"OM",1983,NA
"OM",1984,NA
"OM",1985,NA
"OM",1986,NA
"OM",1987,NA
"OM",1988,NA
"OM",1989,NA
"OM",1990,NA
"OM",1991,NA
"OM",1992,NA
"OM",1993,NA
"OM",1994,NA
"OM",1995,NA
"OM",1996,NA
"OM",1997,NA
"OM",1998,NA
"OM",1999,NA
"OM",2000,NA
"OM",2001,NA
"OM",2002,NA
"OM",2003,NA
"OM",2004,NA
"OM",2005,NA
"OM",2006,NA
"OM",2007,NA
"OM",2008,NA
"OM",2009,NA
"PA",1980,NA
"PA",1981,NA
"PA",1982,NA
"PA",1983,NA
"PA",1984,NA
"PA",1985,NA
"PA",1986,NA
"PA",1987,NA
"PA",1988,NA
"PA",1989,NA
"PA",1990,NA
"PA",1991,NA
"PA",1992,NA
"PA",1993,NA
"PA",1994,0
"PA",1995,0
"PA",1996,0
"PA",1997,0
"PA",1998,0
"PA",1999,0
"PA",2000,0
"PA",2001,0
"PA",2002,0
"PA",2003,0
"PA",2004,NA
"PA",2005,NA
"PA",2006,NA
"PA",2007,NA
"PA",2008,NA
"PA",2009,NA
"PE",1980,0
"PE",1981,0
"PE",1982,0
"PE",1983,0
"PE",1984,0
"PE",1985,0
"PE",1986,0
"PE",1987,0
"PE",1988,0
"PE",1989,0
"PE",1990,0
"PE",1991,0
"PE",1992,0
"PE",1993,0
"PE",1994,0
"PE",1995,0
"PE",1996,0
"PE",1997,0
"PE",1998,0
"PE",1999,0
"PE",2000,0
"PE",2001,0
"PE",2002,0
"PE",2003,0
"PE",2004,0
"PE",2005,0
"PE",2006,0
"PE",2007,0
"PE",2008,0
"PE",2009,0
"PG",1980,0
"PG",1981,0
"PG",1982,0
"PG",1983,0
"PG",1984,0
"PG",1985,0
"PG",1986,0
"PG",1987,0
"PG",1988,0
"PG",1989,0
"PG",1990,0
"PG",1991,0
"PG",1992,0
"PG",1993,0
"PG",1994,0
"PG",1995,0
"PG",1996,0
"PG",1997,0
"PG",1998,0
"PG",1999,0
"PG",2000,0
"PG",2001,0
"PG",2002,0
"PG",2003,0
"PG",2004,NA
"PG",2005,NA
"PG",2006,NA
"PG",2007,NA
"PG",2008,NA
"PG",2009,NA
"PH",1980,NA
"PH",1981,NA
"PH",1982,NA
"PH",1983,NA
"PH",1984,NA
"PH",1985,NA
"PH",1986,NA
"PH",1987,0
"PH",1988,0
"PH",1989,0
"PH",1990,0
"PH",1991,0
"PH",1992,0
"PH",1993,0
"PH",1994,0
"PH",1995,0
"PH",1996,0
"PH",1997,0
"PH",1998,0
"PH",1999,0
"PH",2000,0
"PH",2001,0
"PH",2002,0
"PH",2003,0
"PH",2004,0
"PH",2005,0
"PH",2006,0
"PH",2007,0
"PH",2008,0
"PH",2009,0
"PK",1980,NA
"PK",1981,NA
"PK",1982,NA
"PK",1983,NA
"PK",1984,NA
"PK",1985,NA
"PK",1986,NA
"PK",1987,NA
"PK",1988,NA
"PK",1989,NA
"PK",1990,NA
"PK",1991,NA
"PK",1992,NA
"PK",1993,NA
"PK",1994,NA
"PK",1995,NA
"PK",1996,NA
"PK",1997,NA
"PK",1998,NA
"PK",1999,NA
"PK",2000,NA
"PK",2001,NA
"PK",2002,NA
"PK",2003,NA
"PK",2004,NA
"PK",2005,NA
"PK",2006,NA
"PK",2007,NA
"PK",2008,NA
"PK",2009,NA
"PL",1980,NA
"PL",1981,NA
"PL",1982,NA
"PL",1983,NA
"PL",1984,NA
"PL",1985,NA
"PL",1986,NA
"PL",1987,NA
"PL",1988,NA
"PL",1989,NA
"PL",1990,NA
"PL",1991,0
"PL",1992,0
"PL",1993,0
"PL",1994,0
"PL",1995,0
"PL",1996,0
"PL",1997,0
"PL",1998,0
"PL",1999,0
"PL",2000,0
"PL",2001,0
"PL",2002,0
"PL",2003,0
"PL",2004,0
"PL",2005,0
"PL",2006,0
"PL",2007,0
"PL",2008,0
"PL",2009,0
"PT",1980,0
"PT",1981,0
"PT",1982,0
"PT",1983,0
"PT",1984,0
"PT",1985,0
"PT",1986,0
"PT",1987,0
"PT",1988,0
"PT",1989,0
"PT",1990,0
"PT",1991,0
"PT",1992,0
"PT",1993,0
"PT",1994,0
"PT",1995,0
"PT",1996,0
"PT",1997,0
"PT",1998,0
"PT",1999,0
"PT",2000,0
"PT",2001,0
"PT",2002,0
"PT",2003,0
"PT",2004,0
"PT",2005,0
"PT",2006,0
"PT",2007,0
"PT",2008,0
"PT",2009,0
"PW",1994,NA
"PW",1995,NA
"PW",1996,NA
"PW",1997,NA
"PW",1998,NA
"PW",1999,NA
"PW",2000,NA
"PW",2001,NA
"PW",2002,NA
"PW",2003,NA
"PW",2004,NA
"PW",2005,NA
"PW",2006,NA
"PW",2007,NA
"PW",2008,NA
"PY",1980,NA
"PY",1981,NA
"PY",1982,NA
"PY",1983,NA
"PY",1984,NA
"PY",1985,NA
"PY",1986,NA
"PY",1987,NA
"PY",1988,NA
"PY",1989,NA
"PY",1990,NA
"PY",1991,NA
"PY",1992,NA
"PY",1993,0
"PY",1994,0
"PY",1995,0
"PY",1996,0
"PY",1997,0
"PY",1998,0
"PY",1999,0
"PY",2000,0
"PY",2001,0
"PY",2002,0
"PY",2003,0
"PY",2004,0
"PY",2005,0
"PY",2006,0
"PY",2007,0
"PY",2008,0
"PY",2009,0
"QA",1980,NA
"QA",1981,NA
"QA",1982,NA
"QA",1983,NA
"QA",1984,NA
"QA",1985,NA
"QA",1986,NA
"QA",1987,NA
"QA",1988,NA
"QA",1989,NA
"QA",1990,NA
"QA",1991,NA
"QA",1992,NA
"QA",1993,NA
"QA",1994,NA
"QA",1995,NA
"QA",1996,NA
"QA",1997,NA
"QA",1998,NA
"QA",1999,NA
"QA",2000,NA
"QA",2001,NA
"QA",2002,NA
"QA",2003,NA
"QA",2004,NA
"QA",2005,NA
"QA",2006,NA
"QA",2007,NA
"QA",2008,NA
"QA",2009,NA
"RO",1980,NA
"RO",1981,NA
"RO",1982,NA
"RO",1983,NA
"RO",1984,NA
"RO",1985,NA
"RO",1986,NA
"RO",1987,NA
"RO",1988,NA
"RO",1989,NA
"RO",1990,NA
"RO",1991,NA
"RO",1992,NA
"RO",1993,NA
"RO",1994,NA
"RO",1995,NA
"RO",1996,0
"RO",1997,0
"RO",1998,0
"RO",1999,0
"RO",2000,0
"RO",2001,0
"RO",2002,0
"RO",2003,0
"RO",2004,0
"RO",2005,0
"RO",2006,0
"RO",2007,0
"RO",2008,0
"RO",2009,0
"RS",1980,NA
"RS",1981,NA
"RS",1982,NA
"RS",1983,NA
"RS",1984,NA
"RS",1985,NA
"RS",1986,NA
"RS",1987,NA
"RS",1988,NA
"RS",1989,NA
"RS",1990,NA
"RS",1991,NA
"RS",1992,NA
"RS",1993,NA
"RS",1994,NA
"RS",1995,NA
"RS",1996,NA
"RS",1997,NA
"RS",1998,NA
"RS",1999,NA
"RS",2000,NA
"RS",2001,NA
"RS",2002,NA
"RS",2003,NA
"RS",2004,NA
"RS",2005,NA
"RS",2006,NA
"RS",2006,NA
"RS",2007,NA
"RS",2008,NA
"RS",2009,NA
"RU",1980,NA
"RU",1980,NA
"RU",1980,NA
"RU",1980,NA
"RU",1980,NA
"RU",1980,NA
"RU",1980,NA
"RU",1980,NA
"RU",1981,NA
"RU",1981,NA
"RU",1981,NA
"RU",1981,NA
"RU",1981,NA
"RU",1981,NA
"RU",1981,NA
"RU",1981,NA
"RU",1982,NA
"RU",1982,NA
"RU",1982,NA
"RU",1982,NA
"RU",1982,NA
"RU",1982,NA
"RU",1982,NA
"RU",1982,NA
"RU",1983,NA
"RU",1983,NA
"RU",1983,NA
"RU",1983,NA
"RU",1983,NA
"RU",1983,NA
"RU",1983,NA
"RU",1983,NA
"RU",1984,NA
"RU",1984,NA
"RU",1984,NA
"RU",1984,NA
"RU",1984,NA
"RU",1984,NA
"RU",1984,NA
"RU",1984,NA
"RU",1985,NA
"RU",1985,NA
"RU",1985,NA
"RU",1985,NA
"RU",1985,NA
"RU",1985,NA
"RU",1985,NA
"RU",1985,NA
"RU",1986,NA
"RU",1986,NA
"RU",1986,NA
"RU",1986,NA
"RU",1986,NA
"RU",1986,NA
"RU",1986,NA
"RU",1986,NA
"RU",1987,NA
"RU",1987,NA
"RU",1987,NA
"RU",1987,NA
"RU",1987,NA
"RU",1987,NA
"RU",1987,NA
"RU",1987,NA
"RU",1988,NA
"RU",1988,NA
"RU",1988,NA
"RU",1988,NA
"RU",1988,NA
"RU",1988,NA
"RU",1988,NA
"RU",1988,NA
"RU",1989,NA
"RU",1989,NA
"RU",1989,NA
"RU",1989,NA
"RU",1989,NA
"RU",1989,NA
"RU",1989,NA
"RU",1989,NA
"RU",1990,NA
"RU",1990,NA
"RU",1990,NA
"RU",1990,NA
"RU",1990,NA
"RU",1990,NA
"RU",1990,NA
"RU",1990,NA
"RU",1991,NA
"RU",1991,NA
"RU",1991,NA
"RU",1991,NA
"RU",1991,NA
"RU",1991,NA
"RU",1991,NA
"RU",1991,NA
"RU",1992,NA
"RU",1992,NA
"RU",1992,NA
"RU",1992,NA
"RU",1992,NA
"RU",1992,NA
"RU",1992,NA
"RU",1992,NA
"RU",1993,NA
"RU",1993,NA
"RU",1993,NA
"RU",1993,NA
"RU",1994,NA
"RU",1994,NA
"RU",1994,NA
"RU",1994,NA
"RU",1994,NA
"RU",1994,NA
"RU",1994,NA
"RU",1994,NA
"RU",1995,1
"RU",1995,1
"RU",1995,1
"RU",1995,1
"RU",1995,1
"RU",1995,1
"RU",1995,1
"RU",1995,1
"RU",1996,1
"RU",1996,1
"RU",1996,1
"RU",1996,1
"RU",1997,1
"RU",1998,1
"RU",1999,1
"RU",1999,1
"RU",1999,1
"RU",2000,1
"RU",2001,1
"RU",2001,1
"RU",2002,1
"RU",2003,1
"RU",2004,1
"RU",2005,1
"RU",2005,1
"RU",2006,1
"RU",2007,1
"RU",2008,1
"RU",2009,1
"RW",1980,NA
"RW",1981,NA
"RW",1982,NA
"RW",1983,NA
"RW",1984,NA
"RW",1985,NA
"RW",1986,NA
"RW",1987,NA
"RW",1988,NA
"RW",1989,NA
"RW",1990,NA
"RW",1991,NA
"RW",1992,NA
"RW",1993,NA
"RW",1994,NA
"RW",1995,NA
"RW",1996,NA
"RW",1997,NA
"RW",1998,NA
"RW",1999,NA
"RW",2000,NA
"RW",2001,NA
"RW",2002,NA
"RW",2003,NA
"RW",2004,NA
"RW",2005,NA
"RW",2006,NA
"RW",2007,NA
"RW",2008,NA
"RW",2009,NA
"SA",1980,NA
"SA",1981,NA
"SA",1982,NA
"SA",1983,NA
"SA",1984,NA
"SA",1985,NA
"SA",1986,NA
"SA",1987,NA
"SA",1988,NA
"SA",1989,NA
"SA",1990,NA
"SA",1991,NA
"SA",1992,NA
"SA",1993,NA
"SA",1994,NA
"SA",1995,NA
"SA",1996,NA
"SA",1997,NA
"SA",1998,NA
"SA",1999,NA
"SA",2000,NA
"SA",2001,NA
"SA",2002,NA
"SA",2003,NA
"SA",2004,NA
"SA",2005,NA
"SA",2006,NA
"SA",2007,NA
"SA",2008,NA
"SA",2009,NA
"SB",1980,NA
"SB",1981,NA
"SB",1982,NA
"SB",1983,NA
"SB",1984,NA
"SB",1985,NA
"SB",1986,NA
"SB",1987,NA
"SB",1988,NA
"SB",1989,NA
"SB",1990,NA
"SB",1991,NA
"SB",1992,NA
"SB",1993,NA
"SB",1994,NA
"SB",1995,NA
"SB",1996,NA
"SB",1997,NA
"SB",1998,NA
"SB",1999,NA
"SB",2000,NA
"SB",2001,NA
"SB",2002,NA
"SB",2003,NA
"SB",2004,NA
"SB",2005,NA
"SB",2006,NA
"SB",2007,NA
"SB",2008,NA
"SB",2009,NA
"SC",1980,NA
"SC",1981,NA
"SC",1982,NA
"SC",1983,NA
"SC",1984,NA
"SC",1985,NA
"SC",1986,NA
"SC",1987,NA
"SC",1988,NA
"SC",1989,NA
"SC",1990,NA
"SC",1991,NA
"SC",1992,NA
"SC",1993,NA
"SC",1994,NA
"SC",1995,NA
"SC",1996,NA
"SC",1997,NA
"SC",1998,NA
"SC",1999,NA
"SC",2000,NA
"SC",2001,NA
"SC",2002,NA
"SC",2003,NA
"SC",2004,NA
"SC",2005,NA
"SC",2006,NA
"SC",2007,NA
"SC",2008,NA
"SD",1980,NA
"SD",1981,NA
"SD",1982,NA
"SD",1983,NA
"SD",1984,NA
"SD",1985,NA
"SD",1986,NA
"SD",1987,NA
"SD",1988,NA
"SD",1989,NA
"SD",1990,NA
"SD",1991,NA
"SD",1992,NA
"SD",1993,NA
"SD",1994,NA
"SD",1995,NA
"SD",1996,NA
"SD",1997,NA
"SD",1998,NA
"SD",1999,NA
"SD",2000,NA
"SD",2001,NA
"SD",2002,NA
"SD",2003,NA
"SD",2004,NA
"SD",2005,NA
"SD",2006,NA
"SD",2007,NA
"SD",2008,NA
"SD",2009,NA
"SE",1980,0
"SE",1981,0
"SE",1982,0
"SE",1983,0
"SE",1984,0
"SE",1985,0
"SE",1986,0
"SE",1987,0
"SE",1988,0
"SE",1989,0
"SE",1990,0
"SE",1991,0
"SE",1992,0
"SE",1993,0
"SE",1994,0
"SE",1995,0
"SE",1996,0
"SE",1997,0
"SE",1998,0
"SE",1999,0
"SE",2000,0
"SE",2001,0
"SE",2002,0
"SE",2003,0
"SE",2004,0
"SE",2005,0
"SE",2006,0
"SE",2007,0
"SE",2008,0
"SE",2009,0
"SG",1980,NA
"SG",1981,NA
"SG",1982,NA
"SG",1983,NA
"SG",1984,NA
"SG",1985,NA
"SG",1986,NA
"SG",1987,NA
"SG",1988,NA
"SG",1989,NA
"SG",1990,NA
"SG",1991,NA
"SG",1992,NA
"SG",1993,NA
"SG",1994,NA
"SG",1995,NA
"SG",1996,NA
"SG",1997,NA
"SG",1998,NA
"SG",1999,NA
"SG",2000,NA
"SG",2001,NA
"SG",2002,NA
"SG",2003,NA
"SG",2004,NA
"SG",2005,NA
"SG",2006,NA
"SG",2007,NA
"SG",2008,NA
"SG",2009,NA
"SI",1991,NA
"SI",1992,NA
"SI",1993,NA
"SI",1994,NA
"SI",1995,NA
"SI",1996,NA
"SI",1997,NA
"SI",1998,NA
"SI",1999,NA
"SI",2000,NA
"SI",2001,NA
"SI",2002,NA
"SI",2003,NA
"SI",2004,NA
"SI",2005,NA
"SI",2006,NA
"SI",2007,NA
"SI",2008,NA
"SI",2009,NA
"SK",1993,NA
"SK",1994,0
"SK",1995,0
"SK",1996,0
"SK",1997,0
"SK",1998,0
"SK",1999,0
"SK",2000,0
"SK",2001,0
"SK",2002,0
"SK",2003,0
"SK",2004,0
"SK",2005,0
"SK",2006,0
"SK",2007,0
"SK",2008,0
"SK",2009,0
"SL",1980,NA
"SL",1981,NA
"SL",1982,NA
"SL",1983,NA
"SL",1984,NA
"SL",1985,NA
"SL",1986,NA
"SL",1987,NA
"SL",1988,NA
"SL",1989,NA
"SL",1990,NA
"SL",1991,NA
"SL",1992,NA
"SL",1993,NA
"SL",1994,NA
"SL",1995,NA
"SL",1996,NA
"SL",1997,NA
"SL",1998,NA
"SL",1999,NA
"SL",2000,NA
"SL",2001,NA
"SL",2002,NA
"SL",2003,NA
"SL",2004,NA
"SL",2005,NA
"SL",2006,NA
"SL",2007,NA
"SL",2008,NA
"SL",2009,NA
"SM",1992,NA
"SM",1993,NA
"SM",1994,NA
"SM",1995,NA
"SM",1996,NA
"SM",1997,NA
"SM",1998,NA
"SM",1999,NA
"SM",2000,NA
"SM",2001,NA
"SM",2002,NA
"SM",2003,NA
"SM",2004,NA
"SM",2005,NA
"SM",2006,NA
"SM",2007,NA
"SM",2008,NA
"SN",1980,NA
"SN",1981,NA
"SN",1982,NA
"SN",1983,NA
"SN",1984,NA
"SN",1985,NA
"SN",1986,NA
"SN",1987,NA
"SN",1988,NA
"SN",1989,NA
"SN",1990,NA
"SN",1991,NA
"SN",1992,NA
"SN",1993,NA
"SN",1994,NA
"SN",1995,NA
"SN",1996,NA
"SN",1997,NA
"SN",1998,NA
"SN",1999,NA
"SN",2000,NA
"SN",2001,NA
"SN",2002,NA
"SN",2003,NA
"SN",2004,NA
"SN",2005,NA
"SN",2006,NA
"SN",2007,NA
"SN",2008,NA
"SN",2009,NA
"SO",1980,NA
"SO",1981,NA
"SO",1982,NA
"SO",1983,NA
"SO",1984,NA
"SO",1985,NA
"SO",1986,NA
"SO",1987,NA
"SO",1988,NA
"SO",1989,NA
"SO",1990,NA
"SO",1991,NA
"SO",1992,NA
"SO",1993,NA
"SO",1994,NA
"SO",1995,NA
"SO",1996,NA
"SO",1997,NA
"SO",1998,NA
"SO",1999,NA
"SO",2000,NA
"SO",2001,NA
"SO",2002,NA
"SO",2003,NA
"SO",2004,NA
"SO",2005,NA
"SO",2006,NA
"SO",2007,NA
"SO",2008,NA
"SO",2009,NA
"SR",1980,NA
"SR",1981,NA
"SR",1982,NA
"SR",1983,NA
"SR",1984,NA
"SR",1985,NA
"SR",1986,NA
"SR",1987,NA
"SR",1988,NA
"SR",1989,NA
"SR",1990,NA
"SR",1991,NA
"SR",1992,NA
"SR",1993,NA
"SR",1994,NA
"SR",1995,NA
"SR",1996,NA
"SR",1997,NA
"SR",1998,NA
"SR",1999,NA
"SR",2000,NA
"SR",2001,NA
"SR",2002,NA
"SR",2003,NA
"SR",2004,NA
"SR",2005,NA
"SR",2006,NA
"SR",2007,NA
"SR",2008,NA
"ST",1980,NA
"ST",1981,NA
"ST",1982,NA
"ST",1983,NA
"ST",1984,NA
"ST",1985,NA
"ST",1986,NA
"ST",1987,NA
"ST",1988,NA
"ST",1989,NA
"ST",1990,NA
"ST",1991,NA
"ST",1992,NA
"ST",1993,NA
"ST",1994,NA
"ST",1995,NA
"ST",1996,NA
"ST",1997,NA
"ST",1998,NA
"ST",1999,NA
"ST",2000,NA
"ST",2001,NA
"ST",2002,NA
"ST",2003,NA
"ST",2004,NA
"ST",2005,NA
"ST",2006,NA
"ST",2007,NA
"ST",2008,NA
"SV",1980,NA
"SV",1981,NA
"SV",1982,NA
"SV",1983,NA
"SV",1984,NA
"SV",1985,0
"SV",1986,0
"SV",1987,0
"SV",1988,0
"SV",1989,0
"SV",1990,0
"SV",1991,0
"SV",1992,0
"SV",1993,0
"SV",1994,0
"SV",1995,0
"SV",1996,0
"SV",1997,0
"SV",1998,0
"SV",1999,0
"SV",2000,0
"SV",2001,0
"SV",2002,0
"SV",2003,0
"SV",2004,0
"SV",2005,0
"SV",2006,0
"SV",2007,0
"SV",2008,0
"SV",2009,0
"SY",1980,NA
"SY",1981,NA
"SY",1982,NA
"SY",1983,NA
"SY",1984,NA
"SY",1985,NA
"SY",1986,NA
"SY",1987,NA
"SY",1988,NA
"SY",1989,NA
"SY",1990,NA
"SY",1991,NA
"SY",1992,NA
"SY",1993,NA
"SY",1994,NA
"SY",1995,NA
"SY",1996,NA
"SY",1997,NA
"SY",1998,NA
"SY",1999,NA
"SY",2000,NA
"SY",2001,NA
"SY",2002,NA
"SY",2003,NA
"SY",2004,NA
"SY",2005,NA
"SY",2006,NA
"SY",2007,NA
"SY",2008,NA
"SY",2009,NA
"SZ",1980,NA
"SZ",1981,NA
"SZ",1982,NA
"SZ",1983,NA
"SZ",1984,NA
"SZ",1985,NA
"SZ",1986,NA
"SZ",1987,NA
"SZ",1988,NA
"SZ",1989,NA
"SZ",1990,NA
"SZ",1991,NA
"SZ",1992,NA
"SZ",1993,NA
"SZ",1994,NA
"SZ",1995,NA
"SZ",1996,NA
"SZ",1997,NA
"SZ",1998,NA
"SZ",1999,NA
"SZ",2000,NA
"SZ",2001,NA
"SZ",2002,NA
"SZ",2003,NA
"SZ",2004,NA
"SZ",2005,NA
"SZ",2006,NA
"SZ",2007,NA
"SZ",2008,NA
"SZ",2009,NA
"TD",1980,NA
"TD",1981,NA
"TD",1982,NA
"TD",1983,NA
"TD",1984,NA
"TD",1985,NA
"TD",1986,NA
"TD",1987,NA
"TD",1988,NA
"TD",1989,NA
"TD",1990,NA
"TD",1991,NA
"TD",1992,NA
"TD",1993,NA
"TD",1994,NA
"TD",1995,NA
"TD",1996,NA
"TD",1997,NA
"TD",1998,NA
"TD",1999,NA
"TD",2000,NA
"TD",2001,NA
"TD",2002,NA
"TD",2003,NA
"TD",2004,NA
"TD",2005,NA
"TD",2006,NA
"TD",2007,NA
"TD",2008,NA
"TD",2009,NA
"TG",1980,NA
"TG",1981,NA
"TG",1982,NA
"TG",1983,NA
"TG",1984,NA
"TG",1985,NA
"TG",1986,NA
"TG",1987,NA
"TG",1988,NA
"TG",1989,NA
"TG",1990,NA
"TG",1991,NA
"TG",1992,NA
"TG",1993,NA
"TG",1994,NA
"TG",1995,NA
"TG",1996,NA
"TG",1997,NA
"TG",1998,NA
"TG",1999,NA
"TG",2000,NA
"TG",2001,NA
"TG",2002,NA
"TG",2003,NA
"TG",2004,NA
"TG",2005,NA
"TG",2006,NA
"TG",2007,NA
"TG",2008,NA
"TG",2009,NA
"TH",1980,NA
"TH",1981,NA
"TH",1982,NA
"TH",1983,NA
"TH",1984,NA
"TH",1985,NA
"TH",1986,NA
"TH",1987,NA
"TH",1988,NA
"TH",1989,NA
"TH",1990,NA
"TH",1991,NA
"TH",1992,0
"TH",1992,0
"TH",1993,0
"TH",1994,0
"TH",1995,0
"TH",1996,0
"TH",1997,0
"TH",1998,0
"TH",1999,0
"TH",2000,0
"TH",2001,0
"TH",2002,0
"TH",2003,0
"TH",2004,0
"TH",2005,0
"TH",2006,0
"TH",2007,0
"TH",2008,0
"TH",2009,0
"TJ",1991,NA
"TJ",1992,NA
"TJ",1993,NA
"TJ",1994,NA
"TJ",1995,NA
"TJ",1996,NA
"TJ",1997,NA
"TJ",1998,NA
"TJ",1999,NA
"TJ",2000,NA
"TJ",2001,NA
"TJ",2002,NA
"TJ",2003,NA
"TJ",2004,NA
"TJ",2005,NA
"TJ",2006,NA
"TJ",2007,NA
"TJ",2008,NA
"TJ",2009,NA
"TL",2002,NA
"TL",2003,NA
"TL",2004,NA
"TL",2005,NA
"TL",2006,NA
"TL",2007,NA
"TL",2008,NA
"TL",2009,NA
"TM",1991,NA
"TM",1992,NA
"TM",1993,NA
"TM",1994,NA
"TM",1995,NA
"TM",1996,NA
"TM",1997,NA
"TM",1998,NA
"TM",1999,NA
"TM",2000,NA
"TM",2001,NA
"TM",2002,NA
"TM",2003,NA
"TM",2004,NA
"TM",2005,NA
"TM",2006,NA
"TM",2007,NA
"TM",2008,NA
"TM",2009,NA
"TN",1980,NA
"TN",1981,NA
"TN",1982,NA
"TN",1983,NA
"TN",1984,NA
"TN",1985,NA
"TN",1986,NA
"TN",1987,NA
"TN",1988,NA
"TN",1989,NA
"TN",1990,NA
"TN",1991,NA
"TN",1992,NA
"TN",1993,NA
"TN",1994,NA
"TN",1995,NA
"TN",1996,NA
"TN",1997,NA
"TN",1998,NA
"TN",1999,NA
"TN",2000,NA
"TN",2001,NA
"TN",2002,NA
"TN",2003,NA
"TN",2004,NA
"TN",2005,NA
"TN",2006,NA
"TN",2007,NA
"TN",2008,NA
"TN",2009,NA
"TO",1980,NA
"TO",1981,NA
"TO",1982,NA
"TO",1983,NA
"TO",1984,NA
"TO",1985,NA
"TO",1986,NA
"TO",1987,NA
"TO",1988,NA
"TO",1989,NA
"TO",1990,NA
"TO",1991,NA
"TO",1992,NA
"TO",1993,NA
"TO",1994,NA
"TO",1995,NA
"TO",1996,NA
"TO",1997,NA
"TO",1998,NA
"TO",1999,NA
"TO",2000,NA
"TO",2001,NA
"TO",2002,NA
"TO",2003,NA
"TO",2004,NA
"TO",2005,NA
"TO",2006,NA
"TO",2007,NA
"TO",2008,NA
"TR",1980,NA
"TR",1981,NA
"TR",1982,NA
"TR",1983,0
"TR",1984,0
"TR",1985,0
"TR",1986,0
"TR",1987,0
"TR",1988,0
"TR",1989,0
"TR",1990,0
"TR",1991,0
"TR",1992,0
"TR",1993,0
"TR",1994,0
"TR",1995,0
"TR",1996,0
"TR",1997,0
"TR",1998,0
"TR",1999,0
"TR",2000,0
"TR",2001,0
"TR",2002,0
"TR",2003,0
"TR",2004,0
"TR",2005,0
"TR",2006,0
"TR",2007,0
"TR",2008,0
"TR",2009,0
"TR",2010,0
"TT",1980,0
"TT",1981,0
"TT",1982,0
"TT",1983,0
"TT",1984,0
"TT",1985,0
"TT",1986,0
"TT",1987,0
"TT",1988,0
"TT",1989,0
"TT",1990,0
"TT",1991,0
"TT",1992,0
"TT",1993,0
"TT",1994,0
"TT",1995,0
"TT",1996,0
"TT",1997,0
"TT",1998,0
"TT",1999,0
"TT",2000,0
"TT",2001,0
"TT",2002,0
"TT",2003,0
"TT",2004,0
"TT",2005,0
"TT",2006,0
"TT",2007,0
"TT",2008,0
"TT",2009,0
"TV",1980,NA
"TV",1981,NA
"TV",1982,NA
"TV",1983,NA
"TV",1984,NA
"TV",1985,NA
"TV",1986,NA
"TV",1987,NA
"TV",1988,NA
"TV",1989,NA
"TV",1990,NA
"TV",1991,NA
"TV",1992,NA
"TV",1993,NA
"TV",1994,NA
"TV",1995,NA
"TV",1996,NA
"TV",1997,NA
"TV",1998,NA
"TV",1999,NA
"TV",2000,NA
"TV",2001,NA
"TV",2002,NA
"TV",2003,NA
"TV",2004,NA
"TV",2005,NA
"TV",2006,NA
"TV",2007,NA
"TV",2008,NA
"TW",1980,NA
"TW",1981,NA
"TW",1982,NA
"TW",1983,NA
"TW",1984,NA
"TW",1985,NA
"TW",1986,NA
"TW",1987,NA
"TW",1988,NA
"TW",1989,NA
"TW",1990,NA
"TW",1991,NA
"TW",1992,NA
"TW",1993,NA
"TW",1993,NA
"TW",1994,NA
"TW",1995,NA
"TW",1995,NA
"TW",1996,NA
"TW",1997,NA
"TW",1998,0
"TW",1999,0
"TW",2000,0
"TW",2001,0
"TW",2002,0
"TW",2003,0
"TW",2004,0
"TW",2005,0
"TW",2006,0
"TW",2007,0
"TW",2007,0
"TW",2008,0
"TW",2009,0
"TW",2010,0
"TW",2010,0
"TW",2010,0
"TZ",1980,NA
"TZ",1981,NA
"TZ",1982,NA
"TZ",1983,NA
"TZ",1984,NA
"TZ",1985,NA
"TZ",1986,NA
"TZ",1987,NA
"TZ",1988,NA
"TZ",1989,NA
"TZ",1990,NA
"TZ",1991,NA
"TZ",1992,NA
"TZ",1993,NA
"TZ",1994,NA
"TZ",1995,NA
"TZ",1996,NA
"TZ",1997,NA
"TZ",1998,NA
"TZ",1999,NA
"TZ",2000,NA
"TZ",2001,NA
"TZ",2002,NA
"TZ",2003,NA
"TZ",2004,NA
"TZ",2005,NA
"TZ",2006,NA
"TZ",2007,NA
"TZ",2008,NA
"TZ",2009,NA
"UA",1991,NA
"UA",1992,NA
"UA",1993,NA
"UA",1994,0
"UA",1995,0
"UA",1996,0
"UA",1997,0
"UA",1998,0
"UA",1999,0
"UA",2000,0
"UA",2001,0
"UA",2002,0
"UA",2003,0
"UA",2004,0
"UA",2005,0
"UA",2006,0
"UA",2007,0
"UA",2008,0
"UA",2009,0
"UA",2010,0
"UA",2010,0
"UG",1980,NA
"UG",1981,NA
"UG",1982,NA
"UG",1983,NA
"UG",1984,NA
"UG",1985,NA
"UG",1986,NA
"UG",1987,NA
"UG",1988,NA
"UG",1989,NA
"UG",1990,NA
"UG",1991,NA
"UG",1992,NA
"UG",1993,NA
"UG",1994,NA
"UG",1995,NA
"UG",1996,NA
"UG",1997,NA
"UG",1998,NA
"UG",1999,NA
"UG",2000,NA
"UG",2001,NA
"UG",2002,NA
"UG",2003,NA
"UG",2004,NA
"UG",2005,NA
"UG",2006,NA
"UG",2007,NA
"UG",2008,NA
"UG",2009,NA
"US",1980,1
"US",1981,1
"US",1982,1
"US",1983,1
"US",1984,1
"US",1985,1
"US",1986,1
"US",1987,1
"US",1988,1
"US",1989,1
"US",1990,1
"US",1991,1
"US",1992,1
"US",1993,1
"US",1994,1
"US",1995,1
"US",1996,1
"US",1997,1
"US",1998,1
"US",1999,1
"US",2000,1
"US",2001,1
"US",2001,1
"US",2002,1
"US",2002,1
"US",2003,1
"US",2003,1
"US",2004,1
"US",2004,1
"US",2005,1
"US",2005,1
"US",2006,1
"US",2006,1
"US",2007,1
"US",2007,1
"US",2008,1
"US",2009,1
"UY",1980,NA
"UY",1981,NA
"UY",1982,NA
"UY",1983,NA
"UY",1984,NA
"UY",1985,NA
"UY",1986,NA
"UY",1987,NA
"UY",1988,NA
"UY",1989,0
"UY",1990,0
"UY",1991,0
"UY",1992,0
"UY",1993,0
"UY",1994,0
"UY",1995,0
"UY",1996,0
"UY",1997,0
"UY",1998,0
"UY",1999,0
"UY",2000,0
"UY",2001,0
"UY",2002,0
"UY",2003,0
"UY",2004,0
"UY",2005,0
"UY",2006,0
"UY",2007,0
"UY",2008,0
"UY",2009,0
"UZ",1991,NA
"UZ",1992,NA
"UZ",1993,NA
"UZ",1994,NA
"UZ",1995,NA
"UZ",1996,NA
"UZ",1997,NA
"UZ",1998,NA
"UZ",1999,NA
"UZ",2000,NA
"UZ",2001,NA
"UZ",2002,NA
"UZ",2003,NA
"UZ",2004,NA
"UZ",2005,NA
"UZ",2006,NA
"UZ",2007,NA
"UZ",2008,NA
"UZ",2009,NA
"VC",1980,NA
"VC",1981,NA
"VC",1982,NA
"VC",1983,NA
"VC",1984,NA
"VC",1985,NA
"VC",1986,NA
"VC",1987,NA
"VC",1988,NA
"VC",1989,NA
"VC",1990,NA
"VC",1991,NA
"VC",1992,NA
"VC",1993,NA
"VC",1994,NA
"VC",1995,NA
"VC",1996,NA
"VC",1997,NA
"VC",1998,NA
"VC",1999,NA
"VC",2000,NA
"VC",2001,NA
"VC",2002,NA
"VC",2003,NA
"VC",2004,NA
"VC",2005,NA
"VC",2006,NA
"VC",2007,NA
"VC",2008,NA
"VE",1980,1
"VE",1981,1
"VE",1982,1
"VE",1983,1
"VE",1984,1
"VE",1985,1
"VE",1986,1
"VE",1987,1
"VE",1988,1
"VE",1989,1
"VE",1990,1
"VE",1991,1
"VE",1992,1
"VE",1993,1
"VE",1994,1
"VE",1995,1
"VE",1996,1
"VE",1997,1
"VE",1998,1
"VE",1999,1
"VE",2000,1
"VE",2001,1
"VE",2002,1
"VE",2003,1
"VE",2004,1
"VE",2005,1
"VE",2006,1
"VE",2007,1
"VE",2008,1
"VE",2009,1
"VE",2011,1
"VN",1980,NA
"VN",1980,NA
"VN",1980,NA
"VN",1980,NA
"VN",1980,NA
"VN",1980,NA
"VN",1980,NA
"VN",1980,NA
"VN",1980,NA
"VN",1980,NA
"VN",1980,NA
"VN",1980,NA
"VN",1980,NA
"VN",1980,NA
"VN",1980,NA
"VN",1980,NA
"VN",1981,NA
"VN",1981,NA
"VN",1981,NA
"VN",1981,NA
"VN",1981,NA
"VN",1981,NA
"VN",1981,NA
"VN",1981,NA
"VN",1981,NA
"VN",1981,NA
"VN",1981,NA
"VN",1981,NA
"VN",1981,NA
"VN",1981,NA
"VN",1981,NA
"VN",1981,NA
"VN",1982,NA
"VN",1982,NA
"VN",1982,NA
"VN",1982,NA
"VN",1982,NA
"VN",1982,NA
"VN",1982,NA
"VN",1982,NA
"VN",1982,NA
"VN",1982,NA
"VN",1982,NA
"VN",1982,NA
"VN",1982,NA
"VN",1982,NA
"VN",1982,NA
"VN",1982,NA
"VN",1983,NA
"VN",1983,NA
"VN",1983,NA
"VN",1983,NA
"VN",1983,NA
"VN",1983,NA
"VN",1983,NA
"VN",1983,NA
"VN",1983,NA
"VN",1983,NA
"VN",1983,NA
"VN",1983,NA
"VN",1983,NA
"VN",1983,NA
"VN",1983,NA
"VN",1983,NA
"VN",1984,NA
"VN",1984,NA
"VN",1984,NA
"VN",1984,NA
"VN",1984,NA
"VN",1984,NA
"VN",1984,NA
"VN",1984,NA
"VN",1984,NA
"VN",1984,NA
"VN",1984,NA
"VN",1984,NA
"VN",1984,NA
"VN",1984,NA
"VN",1984,NA
"VN",1984,NA
"VN",1985,NA
"VN",1985,NA
"VN",1985,NA
"VN",1985,NA
"VN",1985,NA
"VN",1985,NA
"VN",1985,NA
"VN",1985,NA
"VN",1985,NA
"VN",1985,NA
"VN",1985,NA
"VN",1985,NA
"VN",1985,NA
"VN",1985,NA
"VN",1985,NA
"VN",1985,NA
"VN",1986,NA
"VN",1986,NA
"VN",1986,NA
"VN",1986,NA
"VN",1986,NA
"VN",1986,NA
"VN",1986,NA
"VN",1986,NA
"VN",1986,NA
"VN",1986,NA
"VN",1986,NA
"VN",1986,NA
"VN",1986,NA
"VN",1986,NA
"VN",1986,NA
"VN",1986,NA
"VN",1987,NA
"VN",1987,NA
"VN",1987,NA
"VN",1987,NA
"VN",1987,NA
"VN",1987,NA
"VN",1987,NA
"VN",1987,NA
"VN",1987,NA
"VN",1987,NA
"VN",1987,NA
"VN",1987,NA
"VN",1987,NA
"VN",1987,NA
"VN",1987,NA
"VN",1987,NA
"VN",1988,NA
"VN",1988,NA
"VN",1988,NA
"VN",1988,NA
"VN",1988,NA
"VN",1988,NA
"VN",1988,NA
"VN",1988,NA
"VN",1988,NA
"VN",1988,NA
"VN",1988,NA
"VN",1988,NA
"VN",1988,NA
"VN",1988,NA
"VN",1988,NA
"VN",1988,NA
"VN",1989,NA
"VN",1989,NA
"VN",1989,NA
"VN",1989,NA
"VN",1989,NA
"VN",1989,NA
"VN",1989,NA
"VN",1989,NA
"VN",1989,NA
"VN",1989,NA
"VN",1989,NA
"VN",1989,NA
"VN",1989,NA
"VN",1989,NA
"VN",1989,NA
"VN",1989,NA
"VN",1990,NA
"VN",1990,NA
"VN",1990,NA
"VN",1990,NA
"VN",1990,NA
"VN",1990,NA
"VN",1990,NA
"VN",1990,NA
"VN",1990,NA
"VN",1990,NA
"VN",1990,NA
"VN",1990,NA
"VN",1990,NA
"VN",1990,NA
"VN",1990,NA
"VN",1990,NA
"VN",1991,NA
"VN",1991,NA
"VN",1991,NA
"VN",1991,NA
"VN",1991,NA
"VN",1991,NA
"VN",1991,NA
"VN",1991,NA
"VN",1991,NA
"VN",1991,NA
"VN",1991,NA
"VN",1991,NA
"VN",1991,NA
"VN",1991,NA
"VN",1991,NA
"VN",1991,NA
"VN",1992,NA
"VN",1992,NA
"VN",1992,NA
"VN",1992,NA
"VN",1992,NA
"VN",1992,NA
"VN",1992,NA
"VN",1992,NA
"VN",1992,NA
"VN",1992,NA
"VN",1992,NA
"VN",1992,NA
"VN",1992,NA
"VN",1992,NA
"VN",1992,NA
"VN",1992,NA
"VN",1993,NA
"VN",1993,NA
"VN",1993,NA
"VN",1993,NA
"VN",1993,NA
"VN",1993,NA
"VN",1993,NA
"VN",1993,NA
"VN",1993,NA
"VN",1993,NA
"VN",1993,NA
"VN",1993,NA
"VN",1993,NA
"VN",1993,NA
"VN",1993,NA
"VN",1993,NA
"VN",1994,NA
"VN",1994,NA
"VN",1994,NA
"VN",1994,NA
"VN",1994,NA
"VN",1994,NA
"VN",1994,NA
"VN",1994,NA
"VN",1994,NA
"VN",1994,NA
"VN",1994,NA
"VN",1994,NA
"VN",1994,NA
"VN",1994,NA
"VN",1994,NA
"VN",1994,NA
"VN",1995,NA
"VN",1995,NA
"VN",1995,NA
"VN",1995,NA
"VN",1995,NA
"VN",1995,NA
"VN",1995,NA
"VN",1995,NA
"VN",1995,NA
"VN",1995,NA
"VN",1995,NA
"VN",1995,NA
"VN",1995,NA
"VN",1995,NA
"VN",1995,NA
"VN",1995,NA
"VN",1996,NA
"VN",1996,NA
"VN",1996,NA
"VN",1996,NA
"VN",1996,NA
"VN",1996,NA
"VN",1996,NA
"VN",1996,NA
"VN",1996,NA
"VN",1996,NA
"VN",1996,NA
"VN",1996,NA
"VN",1996,NA
"VN",1996,NA
"VN",1996,NA
"VN",1996,NA
"VN",1997,NA
"VN",1998,NA
"VN",1999,NA
"VN",2000,NA
"VN",2001,NA
"VN",2002,NA
"VN",2003,NA
"VN",2004,NA
"VN",2005,NA
"VN",2006,NA
"VN",2007,NA
"VN",2008,NA
"VN",2009,NA
"VU",1980,NA
"VU",1981,NA
"VU",1982,NA
"VU",1983,NA
"VU",1984,NA
"VU",1985,NA
"VU",1986,NA
"VU",1987,NA
"VU",1988,NA
"VU",1989,NA
"VU",1990,NA
"VU",1991,NA
"VU",1992,NA
"VU",1993,NA
"VU",1994,NA
"VU",1995,NA
"VU",1996,NA
"VU",1997,NA
"VU",1998,NA
"VU",1999,NA
"VU",2000,NA
"VU",2001,NA
"VU",2002,NA
"VU",2003,NA
"VU",2004,NA
"VU",2005,NA
"VU",2006,NA
"VU",2007,NA
"VU",2008,NA
"WS",1980,NA
"WS",1981,NA
"WS",1982,NA
"WS",1983,NA
"WS",1984,NA
"WS",1985,NA
"WS",1986,NA
"WS",1987,NA
"WS",1988,NA
"WS",1989,NA
"WS",1990,NA
"WS",1991,NA
"WS",1992,NA
"WS",1993,NA
"WS",1994,NA
"WS",1995,NA
"WS",1996,NA
"WS",1997,NA
"WS",1998,NA
"WS",1999,NA
"WS",2000,NA
"WS",2001,NA
"WS",2002,NA
"WS",2003,NA
"WS",2004,NA
"WS",2005,NA
"WS",2006,NA
"WS",2007,NA
"WS",2008,NA
"YE",1980,NA
"YE",1980,NA
"YE",1980,NA
"YE",1980,NA
"YE",1980,NA
"YE",1980,NA
"YE",1980,NA
"YE",1980,NA
"YE",1980,NA
"YE",1980,NA
"YE",1980,NA
"YE",1980,NA
"YE",1980,NA
"YE",1980,NA
"YE",1980,NA
"YE",1980,NA
"YE",1980,NA
"YE",1980,NA
"YE",1981,NA
"YE",1981,NA
"YE",1981,NA
"YE",1981,NA
"YE",1981,NA
"YE",1981,NA
"YE",1981,NA
"YE",1981,NA
"YE",1981,NA
"YE",1981,NA
"YE",1981,NA
"YE",1981,NA
"YE",1981,NA
"YE",1981,NA
"YE",1981,NA
"YE",1981,NA
"YE",1981,NA
"YE",1981,NA
"YE",1982,NA
"YE",1982,NA
"YE",1982,NA
"YE",1982,NA
"YE",1982,NA
"YE",1982,NA
"YE",1982,NA
"YE",1982,NA
"YE",1982,NA
"YE",1982,NA
"YE",1982,NA
"YE",1982,NA
"YE",1982,NA
"YE",1982,NA
"YE",1982,NA
"YE",1982,NA
"YE",1982,NA
"YE",1982,NA
"YE",1983,NA
"YE",1983,NA
"YE",1983,NA
"YE",1983,NA
"YE",1983,NA
"YE",1983,NA
"YE",1983,NA
"YE",1983,NA
"YE",1983,NA
"YE",1983,NA
"YE",1983,NA
"YE",1983,NA
"YE",1983,NA
"YE",1983,NA
"YE",1983,NA
"YE",1983,NA
"YE",1983,NA
"YE",1983,NA
"YE",1984,NA
"YE",1984,NA
"YE",1984,NA
"YE",1984,NA
"YE",1984,NA
"YE",1984,NA
"YE",1984,NA
"YE",1984,NA
"YE",1984,NA
"YE",1984,NA
"YE",1984,NA
"YE",1984,NA
"YE",1984,NA
"YE",1984,NA
"YE",1984,NA
"YE",1984,NA
"YE",1984,NA
"YE",1984,NA
"YE",1985,NA
"YE",1985,NA
"YE",1985,NA
"YE",1985,NA
"YE",1985,NA
"YE",1985,NA
"YE",1985,NA
"YE",1985,NA
"YE",1985,NA
"YE",1985,NA
"YE",1985,NA
"YE",1985,NA
"YE",1985,NA
"YE",1985,NA
"YE",1985,NA
"YE",1985,NA
"YE",1985,NA
"YE",1985,NA
"YE",1986,NA
"YE",1986,NA
"YE",1986,NA
"YE",1986,NA
"YE",1986,NA
"YE",1986,NA
"YE",1986,NA
"YE",1986,NA
"YE",1986,NA
"YE",1986,NA
"YE",1986,NA
"YE",1986,NA
"YE",1986,NA
"YE",1986,NA
"YE",1986,NA
"YE",1986,NA
"YE",1986,NA
"YE",1986,NA
"YE",1987,NA
"YE",1987,NA
"YE",1987,NA
"YE",1987,NA
"YE",1987,NA
"YE",1987,NA
"YE",1987,NA
"YE",1987,NA
"YE",1987,NA
"YE",1987,NA
"YE",1987,NA
"YE",1987,NA
"YE",1987,NA
"YE",1987,NA
"YE",1987,NA
"YE",1987,NA
"YE",1987,NA
"YE",1987,NA
"YE",1988,NA
"YE",1988,NA
"YE",1988,NA
"YE",1988,NA
"YE",1988,NA
"YE",1988,NA
"YE",1988,NA
"YE",1988,NA
"YE",1988,NA
"YE",1988,NA
"YE",1988,NA
"YE",1988,NA
"YE",1988,NA
"YE",1988,NA
"YE",1988,NA
"YE",1988,NA
"YE",1988,NA
"YE",1988,NA
"YE",1989,NA
"YE",1989,NA
"YE",1989,NA
"YE",1989,NA
"YE",1989,NA
"YE",1989,NA
"YE",1989,NA
"YE",1989,NA
"YE",1989,NA
"YE",1989,NA
"YE",1989,NA
"YE",1989,NA
"YE",1989,NA
"YE",1989,NA
"YE",1989,NA
"YE",1989,NA
"YE",1989,NA
"YE",1989,NA
"YE",1990,NA
"YE",1990,NA
"YE",1990,NA
"YE",1990,NA
"YE",1990,NA
"YE",1990,NA
"YE",1990,NA
"YE",1990,NA
"YE",1990,NA
"YE",1990,NA
"YE",1990,NA
"YE",1990,NA
"YE",1990,NA
"YE",1990,NA
"YE",1990,NA
"YE",1990,NA
"YE",1990,NA
"YE",1990,NA
"YE",1990,NA
"YE",1990,NA
"YE",1990,NA
"YE",1990,NA
"YE",1990,NA
"YE",1990,NA
"YE",1990,NA
"YE",1990,NA
"YE",1990,NA
"YE",1991,NA
"YE",1991,NA
"YE",1991,NA
"YE",1991,NA
"YE",1991,NA
"YE",1991,NA
"YE",1991,NA
"YE",1991,NA
"YE",1991,NA
"YE",1991,NA
"YE",1991,NA
"YE",1991,NA
"YE",1991,NA
"YE",1991,NA
"YE",1991,NA
"YE",1991,NA
"YE",1991,NA
"YE",1991,NA
"YE",1992,NA
"YE",1992,NA
"YE",1992,NA
"YE",1992,NA
"YE",1992,NA
"YE",1992,NA
"YE",1992,NA
"YE",1992,NA
"YE",1992,NA
"YE",1992,NA
"YE",1992,NA
"YE",1992,NA
"YE",1992,NA
"YE",1992,NA
"YE",1992,NA
"YE",1992,NA
"YE",1992,NA
"YE",1992,NA
"YE",1993,NA
"YE",1993,NA
"YE",1993,NA
"YE",1993,NA
"YE",1993,NA
"YE",1993,NA
"YE",1993,NA
"YE",1993,NA
"YE",1993,NA
"YE",1993,NA
"YE",1993,NA
"YE",1993,NA
"YE",1993,NA
"YE",1993,NA
"YE",1993,NA
"YE",1993,NA
"YE",1993,NA
"YE",1993,NA
"YE",1994,NA
"YE",1994,NA
"YE",1994,NA
"YE",1994,NA
"YE",1994,NA
"YE",1994,NA
"YE",1994,NA
"YE",1994,NA
"YE",1994,NA
"YE",1994,NA
"YE",1994,NA
"YE",1994,NA
"YE",1994,NA
"YE",1994,NA
"YE",1994,NA
"YE",1994,NA
"YE",1994,NA
"YE",1994,NA
"YE",1995,NA
"YE",1995,NA
"YE",1995,NA
"YE",1995,NA
"YE",1995,NA
"YE",1995,NA
"YE",1995,NA
"YE",1995,NA
"YE",1995,NA
"YE",1995,NA
"YE",1995,NA
"YE",1995,NA
"YE",1995,NA
"YE",1995,NA
"YE",1995,NA
"YE",1995,NA
"YE",1995,NA
"YE",1995,NA
"YE",1996,NA
"YE",1996,NA
"YE",1996,NA
"YE",1996,NA
"YE",1996,NA
"YE",1996,NA
"YE",1996,NA
"YE",1996,NA
"YE",1996,NA
"YE",1996,NA
"YE",1996,NA
"YE",1996,NA
"YE",1996,NA
"YE",1996,NA
"YE",1996,NA
"YE",1996,NA
"YE",1996,NA
"YE",1996,NA
"YE",1997,NA
"YE",1997,NA
"YE",1998,NA
"YE",1998,NA
"YE",1999,NA
"YE",1999,NA
"YE",2000,NA
"YE",2000,NA
"YE",2001,NA
"YE",2001,NA
"YE",2002,NA
"YE",2002,NA
"YE",2003,NA
"YE",2003,NA
"YE",2004,NA
"YE",2004,NA
"YE",2005,NA
"YE",2005,NA
"YE",2006,NA
"YE",2006,NA
"YE",2007,NA
"YE",2007,NA
"YE",2008,NA
"YE",2008,NA
"YE",2009,NA
"ZA",1980,NA
"ZA",1981,NA
"ZA",1982,NA
"ZA",1983,NA
"ZA",1984,NA
"ZA",1985,NA
"ZA",1986,NA
"ZA",1987,NA
"ZA",1988,NA
"ZA",1989,NA
"ZA",1990,NA
"ZA",1991,NA
"ZA",1992,NA
"ZA",1993,NA
"ZA",1994,0
"ZA",1995,0
"ZA",1996,0
"ZA",1997,0
"ZA",1998,0
"ZA",1999,0
"ZA",2000,0
"ZA",2001,0
"ZA",2002,0
"ZA",2003,0
"ZA",2004,0
"ZA",2005,0
"ZA",2006,0
"ZA",2007,0
"ZA",2008,0
"ZA",2009,0
"ZM",1980,NA
"ZM",1981,NA
"ZM",1982,NA
"ZM",1983,NA
"ZM",1984,NA
"ZM",1985,NA
"ZM",1986,NA
"ZM",1987,NA
"ZM",1988,NA
"ZM",1989,NA
"ZM",1990,NA
"ZM",1991,NA
"ZM",1992,NA
"ZM",1993,NA
"ZM",1994,NA
"ZM",1995,NA
"ZM",1996,NA
"ZM",1997,NA
"ZM",1998,NA
"ZM",1999,NA
"ZM",2000,NA
"ZM",2001,NA
"ZM",2002,NA
"ZM",2003,NA
"ZM",2004,NA
"ZM",2005,NA
"ZM",2006,NA
"ZM",2007,NA
"ZM",2008,NA
"ZM",2009,NA
"ZW",1980,NA
"ZW",1981,NA
"ZW",1982,NA
"ZW",1983,NA
"ZW",1984,NA
"ZW",1985,NA
"ZW",1986,NA
"ZW",1987,NA
"ZW",1988,NA
"ZW",1989,NA
"ZW",1990,NA
"ZW",1991,NA
"ZW",1992,NA
"ZW",1993,NA
"ZW",1994,NA
"ZW",1995,NA
"ZW",1996,NA
"ZW",1997,NA
"ZW",1998,NA
"ZW",1999,NA
"ZW",2000,NA
"ZW",2001,NA
"ZW",2002,NA
"ZW",2003,NA
"ZW",2004,NA
"ZW",2005,NA
"ZW",2006,NA
"ZW",2007,NA
"ZW",2008,NA
"ZW",2009,NA
NA,1980,NA
NA,1980,NA
NA,1980,NA
NA,1980,NA
NA,1980,NA
NA,1980,NA
NA,1980,NA
NA,1980,NA
NA,1980,NA
NA,1980,NA
NA,1980,NA
NA,1980,NA
NA,1980,NA
NA,1980,NA
NA,1980,NA
NA,1980,NA
NA,1980,NA
NA,1980,NA
NA,1980,NA
NA,1980,NA
NA,1980,NA
NA,1980,NA
NA,1980,NA
NA,1980,NA
NA,1980,NA
NA,1980,NA
NA,1980,NA
NA,1980,NA
NA,1980,NA
NA,1980,NA
NA,1980,NA
NA,1980,NA
NA,1981,NA
NA,1981,NA
NA,1981,NA
NA,1981,NA
NA,1981,NA
NA,1981,NA
NA,1981,NA
NA,1981,NA
NA,1981,NA
NA,1981,NA
NA,1981,NA
NA,1981,NA
NA,1981,NA
NA,1981,NA
NA,1981,NA
NA,1981,NA
NA,1981,NA
NA,1981,NA
NA,1981,NA
NA,1981,NA
NA,1981,NA
NA,1981,NA
NA,1981,NA
NA,1981,NA
NA,1981,NA
NA,1981,NA
NA,1981,NA
NA,1981,NA
NA,1981,NA
NA,1981,NA
NA,1981,NA
NA,1981,NA
NA,1982,NA
NA,1982,NA
NA,1982,NA
NA,1982,NA
NA,1982,NA
NA,1982,NA
NA,1982,NA
NA,1982,NA
NA,1982,NA
NA,1982,NA
NA,1982,NA
NA,1982,NA
NA,1982,NA
NA,1982,NA
NA,1982,NA
NA,1982,NA
NA,1982,NA
NA,1982,NA
NA,1982,NA
NA,1982,NA
NA,1982,NA
NA,1982,NA
NA,1982,NA
NA,1982,NA
NA,1982,NA
NA,1982,NA
NA,1982,NA
NA,1982,NA
NA,1982,NA
NA,1982,NA
NA,1982,NA
NA,1982,NA
NA,1983,NA
NA,1983,NA
NA,1983,NA
NA,1983,NA
NA,1983,NA
NA,1983,NA
NA,1983,NA
NA,1983,NA
NA,1983,NA
NA,1983,NA
NA,1983,NA
NA,1983,NA
NA,1983,NA
NA,1983,NA
NA,1983,NA
NA,1983,NA
NA,1983,NA
NA,1983,NA
NA,1983,NA
NA,1983,NA
NA,1983,NA
NA,1983,NA
NA,1983,NA
NA,1983,NA
NA,1983,NA
NA,1983,NA
NA,1983,NA
NA,1983,NA
NA,1983,NA
NA,1983,NA
NA,1983,NA
NA,1983,NA
NA,1984,NA
NA,1984,NA
NA,1984,NA
NA,1984,NA
NA,1984,NA
NA,1984,NA
NA,1984,NA
NA,1984,NA
NA,1984,NA
NA,1984,NA
NA,1984,NA
NA,1984,NA
NA,1984,NA
NA,1984,NA
NA,1984,NA
NA,1984,NA
NA,1984,NA
NA,1984,NA
NA,1984,NA
NA,1984,NA
NA,1984,NA
NA,1984,NA
NA,1984,NA
NA,1984,NA
NA,1984,NA
NA,1984,NA
NA,1984,NA
NA,1984,NA
NA,1984,NA
NA,1984,NA
NA,1984,NA
NA,1984,NA
NA,1985,NA
NA,1985,NA
NA,1985,NA
NA,1985,NA
NA,1985,NA
NA,1985,NA
NA,1985,NA
NA,1985,NA
NA,1985,NA
NA,1985,NA
NA,1985,NA
NA,1985,NA
NA,1985,NA
NA,1985,NA
NA,1985,NA
NA,1985,NA
NA,1985,NA
NA,1985,NA
NA,1985,NA
NA,1985,NA
NA,1985,NA
NA,1985,NA
NA,1985,NA
NA,1985,NA
NA,1985,NA
NA,1985,NA
NA,1985,NA
NA,1985,NA
NA,1985,NA
NA,1985,NA
NA,1985,NA
NA,1985,NA
NA,1986,NA
NA,1986,NA
NA,1986,NA
NA,1986,NA
NA,1986,NA
NA,1986,NA
NA,1986,NA
NA,1986,NA
NA,1986,NA
NA,1986,NA
NA,1986,NA
NA,1986,NA
NA,1986,NA
NA,1986,NA
NA,1986,NA
NA,1986,NA
NA,1986,NA
NA,1986,NA
NA,1986,NA
NA,1986,NA
NA,1986,NA
NA,1986,NA
NA,1986,NA
NA,1986,NA
NA,1986,NA
NA,1986,NA
NA,1986,NA
NA,1986,NA
NA,1986,NA
NA,1986,NA
NA,1986,NA
NA,1986,NA
NA,1987,NA
NA,1987,NA
NA,1987,NA
NA,1987,NA
NA,1987,NA
NA,1987,NA
NA,1987,NA
NA,1987,NA
NA,1987,NA
NA,1987,NA
NA,1987,NA
NA,1987,NA
NA,1987,NA
NA,1987,NA
NA,1987,NA
NA,1987,NA
NA,1987,NA
NA,1987,NA
NA,1987,NA
NA,1987,NA
NA,1987,NA
NA,1987,NA
NA,1987,NA
NA,1987,NA
NA,1987,NA
NA,1987,NA
NA,1987,NA
NA,1987,NA
NA,1987,NA
NA,1987,NA
NA,1987,NA
NA,1987,NA
NA,1988,NA
NA,1988,NA
NA,1988,NA
NA,1988,NA
NA,1988,NA
NA,1988,NA
NA,1988,NA
NA,1988,NA
NA,1988,NA
NA,1988,NA
NA,1988,NA
NA,1988,NA
NA,1988,NA
NA,1988,NA
NA,1988,NA
NA,1988,NA
NA,1988,NA
NA,1988,NA
NA,1988,NA
NA,1988,NA
NA,1988,NA
NA,1988,NA
NA,1988,NA
NA,1988,NA
NA,1988,NA
NA,1988,NA
NA,1988,NA
NA,1988,NA
NA,1988,NA
NA,1988,NA
NA,1988,NA
NA,1988,NA
NA,1989,NA
NA,1989,NA
NA,1989,NA
NA,1989,NA
NA,1989,NA
NA,1989,NA
NA,1989,NA
NA,1989,NA
NA,1989,NA
NA,1989,NA
NA,1989,NA
NA,1989,NA
NA,1989,NA
NA,1989,NA
NA,1989,NA
NA,1989,NA
NA,1989,NA
NA,1989,NA
NA,1989,NA
NA,1989,NA
NA,1989,NA
NA,1989,NA
NA,1989,NA
NA,1989,NA
NA,1989,NA
NA,1989,NA
NA,1989,NA
NA,1989,NA
NA,1989,NA
NA,1989,NA
NA,1989,NA
NA,1989,NA
NA,1990,NA
NA,1990,NA
NA,1990,NA
NA,1990,NA
NA,1990,NA
NA,1990,NA
NA,1990,NA
NA,1990,NA
NA,1990,NA
NA,1990,NA
NA,1990,NA
NA,1990,NA
NA,1990,NA
NA,1990,NA
NA,1990,NA
NA,1990,NA
NA,1990,NA
NA,1990,NA
NA,1990,NA
NA,1990,NA
NA,1990,NA
NA,1990,NA
NA,1990,NA
NA,1990,NA
NA,1990,NA
NA,1990,NA
NA,1990,NA
NA,1990,NA
NA,1990,NA
NA,1990,NA
NA,1990,NA
NA,1990,NA
NA,1990,NA
NA,1990,NA
NA,1990,NA
NA,1990,NA
NA,1990,NA
NA,1990,NA
NA,1990,NA
NA,1990,NA
NA,1990,NA
NA,1990,NA
NA,1990,NA
NA,1990,NA
NA,1990,NA
NA,1990,NA
NA,1990,NA
NA,1990,NA
NA,1991,NA
NA,1991,NA
NA,1991,NA
NA,1991,NA
NA,1991,NA
NA,1991,NA
NA,1991,NA
NA,1991,NA
NA,1991,NA
NA,1991,NA
NA,1991,NA
NA,1991,NA
NA,1991,NA
NA,1991,NA
NA,1991,NA
NA,1991,NA
NA,1991,NA
NA,1991,NA
NA,1991,NA
NA,1991,NA
NA,1991,NA
NA,1991,NA
NA,1991,NA
NA,1991,NA
NA,1991,NA
NA,1991,NA
NA,1991,NA
NA,1991,NA
NA,1991,NA
NA,1991,NA
NA,1991,NA
NA,1991,NA
NA,1991,NA
NA,1991,NA
NA,1991,NA
NA,1991,NA
NA,1991,NA
NA,1991,NA
NA,1991,NA
NA,1991,NA
NA,1991,NA
NA,1991,NA
NA,1991,NA
NA,1991,NA
NA,1991,NA
NA,1991,NA
NA,1991,NA
NA,1991,NA
NA,1991,NA
NA,1991,NA
NA,1991,NA
NA,1991,NA
NA,1991,NA
NA,1991,NA
NA,1991,NA
NA,1991,NA
NA,1991,NA
NA,1991,NA
NA,1991,NA
NA,1991,NA
NA,1991,NA
NA,1991,NA
NA,1991,NA
NA,1991,NA
NA,1992,NA
NA,1992,NA
NA,1992,NA
NA,1992,NA
NA,1992,NA
NA,1992,NA
NA,1992,NA
NA,1992,NA
NA,1992,NA
NA,1992,NA
NA,1992,NA
NA,1992,NA
NA,1992,NA
NA,1992,NA
NA,1992,NA
NA,1992,NA
NA,1992,NA
NA,1992,NA
NA,1992,NA
NA,1992,NA
NA,1992,NA
NA,1992,NA
NA,1992,NA
NA,1992,NA
NA,1992,NA
NA,1992,NA
NA,1992,NA
NA,1992,NA
NA,1992,NA
NA,1992,NA
NA,1992,NA
NA,1992,NA
NA,1992,NA
NA,1992,NA
NA,1992,NA
NA,1992,NA
NA,1992,NA
NA,1992,NA
NA,1992,NA
NA,1992,NA
NA,1992,NA
NA,1992,NA
NA,1992,NA
NA,1992,NA
NA,1992,NA
NA,1992,NA
NA,1992,NA
NA,1992,NA
NA,1993,NA
NA,1993,NA
NA,1993,NA
NA,1993,NA
NA,1993,NA
NA,1993,NA
NA,1993,NA
NA,1993,NA
NA,1993,NA
NA,1993,NA
NA,1993,NA
NA,1993,NA
NA,1993,NA
NA,1993,NA
NA,1993,NA
NA,1993,NA
NA,1993,NA
NA,1993,NA
NA,1993,NA
NA,1993,NA
NA,1993,NA
NA,1993,NA
NA,1993,NA
NA,1993,NA
NA,1993,NA
NA,1993,NA
NA,1993,NA
NA,1993,NA
NA,1993,NA
NA,1993,NA
NA,1993,NA
NA,1993,NA
NA,1994,0
NA,1994,0
NA,1994,0
NA,1994,0
NA,1994,0
NA,1994,0
NA,1994,0
NA,1994,0
NA,1994,0
NA,1994,0
NA,1994,0
NA,1994,0
NA,1994,0
NA,1994,0
NA,1994,0
NA,1994,0
NA,1994,NA
NA,1994,NA
NA,1994,NA
NA,1994,NA
NA,1994,NA
NA,1994,NA
NA,1994,NA
NA,1994,NA
NA,1994,NA
NA,1994,NA
NA,1994,NA
NA,1994,NA
NA,1994,NA
NA,1994,NA
NA,1994,NA
NA,1994,NA
NA,1995,0
NA,1995,0
NA,1995,0
NA,1995,0
NA,1995,0
NA,1995,0
NA,1995,0
NA,1995,0
NA,1995,0
NA,1995,0
NA,1995,0
NA,1995,0
NA,1995,0
NA,1995,0
NA,1995,0
NA,1995,0
NA,1995,NA
NA,1995,NA
NA,1995,NA
NA,1995,NA
NA,1995,NA
NA,1995,NA
NA,1995,NA
NA,1995,NA
NA,1995,NA
NA,1995,NA
NA,1995,NA
NA,1995,NA
NA,1995,NA
NA,1995,NA
NA,1995,NA
NA,1995,NA
NA,1996,NA
NA,1996,NA
NA,1996,NA
NA,1996,NA
NA,1996,NA
NA,1996,NA
NA,1996,NA
NA,1996,NA
NA,1996,NA
NA,1996,NA
NA,1996,NA
NA,1996,NA
NA,1996,NA
NA,1996,NA
NA,1996,NA
NA,1996,NA
NA,1996,0
NA,1996,0
NA,1996,0
NA,1996,0
NA,1996,0
NA,1996,0
NA,1996,0
NA,1996,0
NA,1996,0
NA,1996,0
NA,1996,0
NA,1996,0
NA,1996,0
NA,1996,0
NA,1996,0
NA,1996,0
NA,1997,NA
NA,1997,0
NA,1998,NA
NA,1998,0
NA,1999,NA
NA,1999,0
NA,2000,NA
NA,2000,0
NA,2001,NA
NA,2001,0
NA,2002,NA
NA,2002,0
NA,2003,0
NA,2004,0
NA,2005,0
NA,2006,0
NA,2007,0
NA,2008,NA
NA,2008,0
NA,2009,NA
NA,2009,0
